0,1,2,3,4,5,6,7,8,9,10,11,12,13,14
-1.1076982962665773,0.37785856026983594,1.2580452505108297,0.212401482433127,0.623049198474105,0.7519601050440565,0.7098019839203182,-0.589716286419826,-0.4182745898063523,0.17735649008763588,1.0238631603535733,-0.5170599380311687,-0.599266822368356,0.36814801850011264,-0.6301533876371448
-2.8344334469372265,0.8019682778937649,-0.07884029191207585,0.5740028543550889,-0.6303176499791547,-0.8113683677522343,0.46516275738027824,0.031227175265330212,-0.46767557747859295,0.17046277941345334,0.08180358494733624,0.8535506179834023,-0.4830461524851769,-0.4243819755036262,0.2990758785216706
-2.3426291359187457,-1.1030082089928563,-0.4732250292880106,0.02150420721366024,0.103536131322555,1.0007349123619216,0.5223939889059066,0.6224376446468181,0.3363377137380269,0.22679166528645067,0.22053991884215288,-0.0011699816687101294,0.13385823833072852,0.025513944009516232,0.7796493122886365
1.151426750323992,-0.6183356449662697,1.5338539458903653,-2.3752478935595174,1.7018550571312243,0.29912783678271576,-0.44817731028239793,-0.4101887524547438,-0.5492070607191814,-0.3693780268554355,0.10558007311675195,0.5350449463468799,-0.07083379342913337,-0.3373897799902721,-0.28249592638422266
1.7335231051497204,-0.16637891489359197,0.885601728502746,-0.5807367336914709,0.8214920355868551,-0.5951152164716185,0.9373254905808734,0.510930252728914,-0.34006204905769755,0.11146743798438896,-0.4599576997816979,-0.34612619329995525,0.08960592650813665,0.9075160977698201,0.08716211145733654
1.5510738363734262,0.1683266761909828,0.016388124011214235,0.14886489898619792,0.5370389184015956,0.8993439721605321,-0.4777890581876918,0.24361144887594655,-0.2853339125719205,0.6379458133442244,0.2693311356881315,0.4799490918415492,-0.42405779915438246,0.4843460144729873,-0.05005346124867789
-1.4712119374310237,0.7674973120356311,0.6239586781928249,-0.8166019057058027,1.9301720329387997,0.5130370733249141,0.6498182591067865,1.090868691267216,-0.3457530083091828,0.06210895080317125,-0.5776376508834873,-0.4232505112816477,-0.2820939998789305,-0.22586364876078513,0.13373367064555847
0.37965309428198885,1.4054468359376018,-1.6399198159816066,-0.9942241861922599,0.04963438058182522,-0.3294955411799339,-0.9193573522356506,1.3393230617852048,-0.2343699916846172,0.021088476816643942,0.6297756714082925,0.1764867503977543,0.16636345058403906,-0.15329239799157213,-0.21343317544990198
-1.1952175864953656,-0.045620740103472675,-0.31154775066786955,0.11342258702653898,-0.2935022506780994,1.0050887820045933,0.5497731316260079,-0.27475579161682545,0.6689397140257561,0.2632300701591864,-0.7931448763789815,-0.0040893727980499395,0.0552371639040693,-0.15729121344865105,-0.5728953765135092
-1.2276599736722813,-0.9695646377937741,1.629338050752233,-0.9396699587429647,-0.03473808440206595,0.5466552430129724,0.5872344074085937,0.5516647993000181,-0.2782880759765585,-0.31274278088628593,1.149501373070683,-0.7110058729780029,0.07286413968376604,0.3526501796918565,-0.6858451490182835
0.03930082151047651,-0.5922848109463891,0.6902068452142432,0.9712739118133109,-0.2932791759288689,-0.22368047033366822,-0.4307801395951013,-0.1777837924602571,0.7349745738679098,0.85692536252489,0.06376307600659913,0.11846050288793036,-0.49124096994524097,-0.6372607232343586,-0.32496521621634705
-0.1740491680215288,1.2563534382042334,-0.17063313991464923,-0.4163483873758188,0.8596024474010557,-0.789545283638944,0.6534350698201583,-0.18698642812667965,0.476251068311626,0.48050310496052173,-0.14947394951737053,0.16637881132296323,-0.3206612271671563,0.7968697933318444,0.017576455499261172
-0.658078230997867,-0.10443477097394388,-0.3688004242712479,0.21187122085006396,-0.8065646809746901,0.20617967709587942,0.728323269574632,-0.6945830635919025,0.4052829334632307,-1.6407995461405795,0.6751091150692909,0.32047257658950734,-0.30747951272983975,0.16342305020126263,-0.13430048945030681
1.9670189732866286,-0.07469712275057985,-0.13138960679662554,-0.7235787727364409,-0.7108468089183944,0.48768917958457986,-0.8209714626046697,-0.41301610750790435,0.017721849103389656,0.6162553093515357,-0.11901872636718996,-0.2960806828835958,0.09403234256207904,0.7676764059736736,0.10232781435596958
0.47665693349133237,0.7319471899627603,2.510161766558145,0.8022067668369046,-0.8259060587989513,-0.01631110220942468,-0.8930058700532102,-0.8791435311365894,-0.1153366708877296,-0.4977888070732157,0.5108580754257432,-0.7239488821306094,0.2991465630064477,-0.13264348051974306,-0.10213363887724937
0.8326917464431014,0.023995251001069758,1.9933407831061203,0.871641582476742,0.8448984668796649,0.50887488534842,-0.4415721171472592,0.03433478149878853,-0.39381712712749894,0.044843655708974195,0.250884489351877,0.6233792561435588,0.35052332400568187,-0.4650861939551615,0.03282548893338837
1.2881634167236242,-0.9967199525981665,-0.0517657284885915,-0.6501501768820085,0.22338515629284167,0.8067445001072411,-0.6207694398691184,-0.3844741228610051,0.24572263184886123,0.6893847961976711,0.14552979352755388,-0.2488855093511264,0.01474903147848275,0.9604162445316233,-0.2502167670576341
0.5349566327488704,0.2289303602999318,0.6389964063283391,0.06094890675480476,0.13172896435550502,0.0927208943367727,-0.582639016856149,0.3651997270714005,-0.6575383401187116,0.6522741141439132,-0.0057494414165502605,0.1728271252101406,-0.32512346877173176,-0.6819011128054336,-0.34780329799550597
1.0860241074298553,0.5648217867674155,-0.6133341548443441,0.16030555935472954,0.47006210444262625,-1.2174472485661831,-0.6801523743917094,-0.4002805765419977,-0.6106307678789349,-0.24743866060113173,-0.07079823684896464,-0.2607872990303312,0.524861725016576,-0.18015928838093642,0.2112506824780751
1.5751213114570157,0.4883250196886418,0.13885584543510734,-0.3718860783949848,0.0752847717993083,0.1974180733175353,-0.6014531268884833,-0.10544927141440764,-0.5243249814175059,0.5289721455714678,0.032774370144377854,0.43144238456729034,-0.5332433955304822,0.4378134708115611,0.03274912006196789
-0.6849666145653952,-1.0218069542827146,-0.5910431250078867,0.36019435554535384,0.7332367985224395,0.5287462836954597,1.020422306574318,0.3614054481132321,0.2443846342609738,0.33242898954450917,1.1430022628112169,1.0429908283831795,-0.0527296887941891,0.3529400506907961,0.14174543595818007
0.14994526888393883,1.9339634118676787,0.5903501301876208,0.09262525498996317,0.46019132665589135,-0.27113621392058085,0.6115677249289707,0.105478575092565,-0.36018152772480844,-0.292524695413264,0.577416122821597,-0.7954764277702309,-0.31703937275762345,0.32920376415544217,-0.33292335353673996
-0.026098685376964886,0.3371452312382631,-0.5290750955485158,-0.6822140842980827,0.874722117652323,0.5222829442978851,0.7957027889336687,-0.4708690708264685,0.21035897332145126,0.7710892346852107,0.2881380246515531,0.666042020458993,-0.6346062904216266,0.5687056765911218,-0.013925877228400621
-0.4506962534384115,-0.11941653789587153,1.1697461260207005,-0.6799179558219081,0.9813522359404936,1.9112315335948014,0.4567619642477695,-0.06166197852620049,-0.35153532564081696,-0.21326369698494718,-0.35807897258816873,-0.3113706188196294,0.7770924125936284,-0.060474864765254766,0.9494448289560866
-1.9355584387640592,-1.2805681665964783,0.2693542469864071,-0.06734301649532795,-0.2156341978877896,0.5298134176032115,0.5810136656145487,0.5750618662490043,0.35741104007584545,0.07928442459664664,-0.011036675773495125,-0.033765479078434135,0.09702420051276806,-0.012801236362418922,0.8314361741721088
0.802646470481611,-0.5505289612344452,-0.006259947326920645,-0.11451670666157546,1.6622374801202537,-0.6086556909041001,-0.31807315384375867,-0.20643254578771958,0.6708827373377215,-0.28875912620003585,0.09101884019461466,0.11713690159439949,0.2337531078007608,-0.18014557736974424,0.0322020468050273
1.3451135527540379,1.876418447008596,-1.419209995296126,-0.29696686249115145,0.7343040874499308,0.06356512753649039,-0.8243921334728826,-9.348115269848523e-05,-0.002839193653594793,-0.10131093011244097,0.35036332243445767,0.03029927381770625,0.5238495434860001,-0.26192341886949877,0.017596722010974723
-1.7623019082066256,0.23501094452831867,0.6748918999698705,1.061362633179225,1.768650155875096,-0.9009994398996695,-0.6463651371420678,-0.04700530908418972,-0.811860869035633,0.546715463179781,0.09379995980366669,-0.05489294884519125,0.020766468110853198,0.43166771808462634,-0.3424849384923365
1.015289514899622,0.2769232498552664,1.404795029555947,-0.8931087043944067,-0.05315903407330648,-0.34170239584129186,-0.6032666225290758,0.2791055294139738,-0.7099395090999436,0.40586430554544695,-0.30814364313319326,0.167064418309461,-0.4374257046695481,-0.7355854931791307,-0.3219448282878512
-0.5586275437876538,-3.159697248382264,-0.06420249313514832,-0.6797911308107144,-0.4951115914761697,-0.8766856348922816,0.8758432137357902,-0.05925719417978531,-0.05251224193361033,0.22768119431519618,0.21356269803862962,-0.3243728011371927,0.4280375865596414,0.20144485946830346,0.13219554750537252
-0.6413603264382393,0.9891707372383365,0.25532088566999106,1.1073559749919017,1.442768535100169,0.5317746495849949,-0.6679393254485576,0.830088487942913,-0.35214447700609636,0.047592289156574874,-0.38732283287997554,-0.14145861360485995,-0.20517029236122947,0.10602052948820534,0.7311571652798088
-0.3131844156163124,-0.6704930341626636,-0.16089498374456268,0.0172485951410611,-0.5306113099409158,1.5237869436649698,-0.7963446286055521,1.0709233798195132,-0.06969660102668236,-0.6822541908252535,0.8225773388424189,-0.8843469775063995,-0.3551471137103884,-0.02460285740082835,0.43595777255725476
0.4137967485888962,2.075405013851098,-0.6890300303276959,0.3165601815159459,-0.0341624914478751,0.36319621257087276,-0.9411650239229061,-0.6562101897458543,-0.5433344533287583,0.31133570715255543,0.5476189396913684,0.6667075406394133,0.18834384639655483,-0.5708068348257173,0.08231549811050876
0.019211024496493062,-0.08381002465146559,0.29315091767742385,0.28024018956637287,-0.4052988334450347,0.44664020621373784,-0.7222453755643414,-0.17714562876670525,1.1065778500799648,0.9461589554683707,0.08401471600115043,-0.09539802068520248,-0.01661365606469964,-0.44305710331374726,-0.37443247057540807
1.8571571119369918,-0.1537747076993204,0.54497490807284,-0.5245414384228767,-0.3419710857533827,-0.07796473624929308,-0.5240283474123482,0.36256873073520773,-0.30268251329671947,-0.6228238958778249,0.7581361710509609,0.9495324650780783,0.41470528498872394,-0.2604869774803089,0.3324520016549379
2.035059446743717,0.09670057414509248,0.9367487353619861,-0.29091932459057235,-0.5996080587387356,-0.29873943213655124,-0.4430223620593654,0.36897164862299386,-0.26421574676976434,0.4075120857460828,-0.2137802373211642,0.10634454044622427,-0.40581609841094035,-0.7895252243476837,-0.28769342696698286
-0.9587576086598797,-2.6816598593875063,0.3925213896885837,-0.8134386410828913,-0.31441775953091033,-0.7053133277744792,0.7797168397788176,0.031885650449115566,-0.04713573498717856,0.2575170978595751,0.21820852150703465,-0.1902768578036691,0.42582559764596783,0.18521537503055494,0.07654001438831462
-1.9104558386199628,0.09517317655773154,-0.35213678912050284,0.31071608164671594,-1.5114414940795338,-0.9001701692139584,0.49620264804336445,-0.22079327514710345,-0.09213782687405835,-0.28722439342027506,-0.43557975275107924,0.6807829880502971,-0.3211468591335608,-0.14142777816223395,-0.17943451769693525
-1.5218661627068382,0.3312940417168347,-1.2916884980903245,-1.2115716466831978,-1.1552629635826144,-0.054573778725649405,-1.160067701615224,-0.20405754281822702,0.2555337021098299,-0.34108693075400315,-0.3682481945557508,0.5353434332766698,-0.14483581525814943,-0.03692788399547875,-0.32833201169045095
-0.8810720528209757,0.33196189135494836,0.5712061089658228,0.7548090640644552,-0.10064469041508207,-0.5583773994756879,-0.6098480101372148,-0.5136384472964433,0.14355459775062085,-0.8802404200766768,1.5901942854258004,0.6333401270838009,-0.472179439025898,-0.16327347841047912,0.030397206141497927
-2.014817328304545,0.24269323917671387,0.09101285457109465,1.2318081537012244,-0.1030808202965421,-0.7051549593436022,0.46849514504239087,-0.1478883555680947,0.5978685342159766,0.47620795862554666,-0.8538845403044004,-0.9237962539545799,0.3805738863759498,-0.040517323289123164,0.09119512963012648
1.208660080916305,-0.8788832941880482,1.7560633977302837,-1.023996293795224,-0.7052813371203002,0.14275243823962497,-0.7329988159728239,0.4729545945587793,-0.07223601687314697,-0.10905705733102522,0.3119169942451159,0.26134214586112403,0.5456397955923817,0.4798483874813544,0.2110642553672492
-0.3478544041219208,2.774160790484801,0.17705811972479524,1.117226055857133,0.4451190594933504,0.23414170140845852,-0.9898347054149916,0.6924868319491432,-0.06368600513102281,0.21550853946039505,-0.5191722673310433,0.09604687060314165,-0.48621205969930714,0.5294948843444329,0.8097300622682729
0.1788005056202458,0.4846953827929856,1.4401742410217309,0.8283708412175673,0.6333025627220282,0.354363374707537,-0.5628045265999672,-0.4800386796185963,-0.7390284343200779,-0.5359877271539955,0.9267594701757289,-0.1423909277209064,-0.28654928400672786,-0.3505994979563346,-0.21520399011135377
0.6091850315856828,2.1303169317964747,-1.1030519479178693,-0.20674010315227423,0.10260220238212613,-0.016605581354595958,0.5099777243803217,0.757755573640676,-0.023664685707741426,0.6067686626383955,0.04978319030878593,-0.3518611283403436,0.21646253393900022,-0.37311137334583566,-0.36812195891425104
-0.417975464718736,-0.8293019507775816,-0.13787998689212638,-0.5441831119297906,0.8875984364177296,1.6881799600134588,0.7118295815914141,-0.7160519834348764,0.7230922280058343,-0.4993880828907596,-0.5044878088199194,0.27317107009636077,0.6356624921459207,0.12185991581698666,-0.20503217199608098
1.0048479274414497,-1.6488760935592044,-0.4957034095243782,1.223799756620809,0.5280342814108108,-0.30930299921774473,-0.28870390836138304,-0.6732903943004034,-1.0572180910546833,0.09056417605990674,0.2961712683770814,0.05645663491732039,0.3456826887298433,-0.30962820752733566,0.271924322487065
-1.527418608610901,-0.5346907179381587,1.0606615077518924,-0.8312577781353281,-0.10802309836458317,-0.5438811447744276,0.4605694541670561,-0.7524718333077234,-0.04739678581918079,0.8432480878048179,-0.3890008919156202,-0.3808776081903688,0.1182259966059579,-0.21196024506429068,-0.1972552792336088
-0.605937704509784,3.4633213029286405,-1.5176137681190192,-0.5971015637799294,0.32280087024956794,0.3948050327792544,0.17779562347660585,-0.5170589402385011,-0.5588054561578419,-1.3865140588793134,0.039339303295434294,-0.40598853622771136,-0.08328988455421565,0.02653745232589816,-0.47567472620116896
0.4719011725986552,-0.4005980833702613,0.781957290003088,0.4421795163696717,0.6004208070539228,0.1956265770746904,1.034597503628303,-0.7686178942614491,-0.43917923152815647,-0.555938433524414,1.04862365251843,-0.3804082303837762,-0.22781116800255902,-0.11730110814682537,-0.3885909584199223
2.5818292130431093,-0.9167711692453088,-0.62487427842444,0.21876115745556352,0.439850806430001,-0.1538561072195806,-0.20785541657887846,0.5737372409062425,-0.04041254677407173,-0.7173592936662033,-1.1666116753386828,-0.1766652949521963,-0.2790477866995439,0.9014503555541693,-0.18000921239842904
0.08125097918845933,-0.9590169973710574,-0.1481246883741834,1.6016707193597464,-0.2675281555399286,0.870405180075486,-0.6587247943950214,0.2596561503831268,-0.10477831130914851,1.0894787785363218,0.2090960904378603,-0.5873617665040665,0.5262571648482813,-0.23352536392656098,-0.29453504131517877
1.253076091240277,-0.010531074046550702,-1.33061360587935,-0.68542762069882,-0.7933228261523819,0.17049122765224933,0.817045284899858,-0.02482895256732033,-0.7746627386094413,-0.242641667382963,-0.9599439706702668,0.014443276339512146,-0.382433229641169,-0.49233405533328933,-0.41777592421787524
2.4055159844471774,0.262799970280903,0.737361818429388,-0.2994185422502894,-0.3337438881208232,0.29712773242736396,0.9422312499351732,0.10883725123643823,-0.160584023279492,0.44880839291745867,-0.06751755954012567,0.3120880443230327,-0.2771465231001264,0.4988749812377057,0.09940155382330501
-0.8767130126773597,-0.37439276444240177,-0.2796130125162269,0.04800082860552318,-0.8414328533879512,0.8468047399438934,-0.9807427241653436,0.7553591867001923,-0.43077161998918284,-0.31826314490462115,-0.2988813708364301,0.2531800737647292,0.43067353899942706,0.10410235775965063,-0.36187890419978963
-2.151687474444097,-1.24689353707445,-0.8655527773049512,-0.6517290276626961,-0.6970164390149194,-0.18282293989285725,0.4466365932868207,-0.19008887696306837,-0.20466490132437626,-0.30305257222768034,-0.47525988595455854,0.19283851205704533,0.21325013419916905,0.24174607110475024,-0.20276177972991927
0.42476576331539334,-0.16837107827127684,0.6362134690862471,0.003215170763085279,-0.407972062324908,0.4129617709762787,-0.7137950843000317,-1.0412225453465769,0.9480885481687659,-0.6640103835494819,-0.829614268197354,0.40372600820200866,0.29934993455862813,-0.1618988715367451,-0.12200465602441775
1.805161251474801,-1.6758132246302888,0.09428383525766013,-0.07884985607007344,-0.9218475628732483,0.254588538526857,0.8800226246420643,0.07067657611736769,-0.0686717905466145,0.6529802746363862,-0.24317708443432323,-0.941237070980655,0.5840397277041302,-0.18637406434642967,-0.12560453488903545
0.3946168472730725,0.40472971025102633,-0.5936139179855136,0.011065210169619588,0.10196799780677261,0.43888554081170295,0.8028636767376331,-0.7837010588041512,-0.41729405330873326,-0.6525579897999174,-0.43428447960528366,0.612847309050649,0.10092089108442487,-0.18634516368959686,-0.33908629786331895
-0.36762367102419935,-1.0345435831244367,-0.20551033541920183,0.30867196076003445,-0.3710288387763708,-0.14551500357412644,0.8557866795585024,0.25153172936601936,-1.291938414816345,-0.7118586347726689,-0.28704761761345043,0.7692860585439996,0.045738462314882156,0.502157145527945,0.11203902439891861
-0.6886935699232701,0.0568209169193,-0.7335192204224397,-1.1375922097449216,-0.29781536101231987,-0.9999829665462387,-1.0073410640352856,0.4975402026719533,0.8305985431241671,0.10021585347093398,0.2505045536444196,-0.27785903417646685,0.4322958009720682,0.1718634137689022,-0.12183502999999991
0.575894723220626,-0.48272931528155494,1.3782961425790536,-0.08570570336992248,0.6481989389261498,-1.0945055275860867,0.9436076003133862,0.6717341729677575,-0.01535711529054433,-0.7944192327552577,0.503684348613558,0.34017690573184844,0.9253740074176443,0.3222618252693705,0.09106447747390206
-1.7648634057536268,-1.2736155099672157,0.05615391526856524,-0.2164830720995435,-0.3655058032228856,0.3339321668471354,0.593494951746681,0.28632272932492764,0.276424034444126,0.08883531950965584,-0.004103571743155121,0.04805519796891916,0.23021967577287217,0.014949436014009998,0.26036576735796213
1.332023785336158,1.7738492802771464,-0.3145387314389543,0.03172856408798498,0.4143705854771236,-0.29397735139523234,-0.7227362805726926,-0.20919625562470262,-0.06110765474910444,-0.8619960499193515,0.7853420334482977,-0.703729748203677,-0.07029693471732407,-0.1814149952695605,-0.22758504031345145
-0.9653510137442223,-2.029323025091834,-0.3770525682061803,0.7563500937737586,-0.1982828569493958,0.0029475489432111285,-0.5401732614459378,-0.5758374934144999,0.18344185387085005,0.0988398017577381,-1.0196185471518484,-0.28476349437285725,-0.1432905782880038,-0.13754253240292846,-0.45566594620023076
-2.3438561904973065,0.0706205527228137,0.4090034066525674,-1.0585410891639835,-0.3189285653802988,0.5071080149474355,0.2704450441868509,0.429439016394616,0.2798446817631096,0.06235514290866051,-0.07311619669866412,0.16071446175886756,-0.027082408057251678,-0.09748573487561796,0.7805410693254515
-0.7259385327159482,-0.49571318226242767,1.3944660394054966,0.22498049039783727,1.5827030454980497,0.4088020150917999,0.9683091812127784,-0.520793901676927,0.09536888727964178,0.1842294184265838,0.34147013156855655,0.7459788666398153,0.20334202101689275,-0.31337022122177827,0.04753650065515618
0.11427051279657213,0.5199275715347004,1.4643890515622295,-0.23970884326733413,-0.08814899737445316,0.6228269791226589,0.3781694816437301,-0.6376463230287599,-0.31103770262529523,0.24902365929864678,0.032439596043231184,-0.14371755258581398,1.1236043162845548,-0.034556719620401855,0.17407649531217875
-2.760992833003913,1.1774257088120517,1.3516000602513112,-1.705630867793938,-0.35558232885496927,-0.11940177481805515,-0.059555231845072706,0.16631857682319146,-0.7667600567496277,0.5239694132632104,0.4161532928196446,0.2555631842648476,0.5099521360799316,0.16022315569387022,-0.3826897019982634
-0.5798290878458727,-0.5863637666900738,1.7000383291109462,-1.054999321889334,1.501888851855172,-0.5978299802455489,-0.5315687323716615,-0.969354091455104,-0.3833039748228897,-0.12634874410908375,-0.04762783193020842,0.7446941925502049,-0.21672138514732914,-0.44358680625796876,0.07927399661233098
-0.1532199483548436,1.7876852127868537,0.3875244378610925,1.062354615985309,0.8389543208493389,-0.5408948401536136,-0.8583557706252163,-0.023357299897462783,-0.39073073905603584,0.031230969024791944,0.14759655108476227,0.12073790896938713,0.6386140156300192,-0.21044729600339185,0.06027326637515789
-0.3699558459570762,0.339609566739526,-0.44543775545059455,0.7412273093706979,-0.45337085493077645,1.4762842668713034,-0.7120847498436168,-0.01909191880473886,1.30744294789304,-0.04256595395272961,0.42365882018118567,-0.9403843976610229,-0.9739027053127601,-0.48338635413171105,0.17935682577207104
-2.3783043041166616,-1.24346343069595,-1.3121740929758277,0.14029662986957298,-0.41439133217594515,-0.0692263417365518,-0.9439283425139527,0.02395968345011236,-0.08442492737044123,0.17762015845598622,0.08423696041085245,-0.09509295554933245,-0.18948731008416703,-0.08437332927121288,0.8816329456446776
0.06101022347429527,0.044407123053355896,-1.0204798764028575,0.564040621877232,-0.1004206490764883,1.621172889851981,0.7172074334695011,0.5788838681169387,-0.19201153499361223,0.5686694386058602,-0.15543065374292953,-0.4624208562605403,-0.25183286355975376,-0.5412918456467433,0.565327593065627
2.0962202069871037,-0.8563235726700266,-0.2372950670513983,-0.019060921486456606,-0.4891055581273895,0.7441014070118963,1.1565477155850716,0.5936250916740274,-0.20919439868600592,-0.3240900401512007,-0.9197530328056638,0.06740731489310126,-0.25368854810223684,-0.4869877738720094,-0.497332500784937
-0.6191889571928824,3.2122257323909347,-0.2159320310301046,-0.038821321213190846,0.4402543201773238,-0.5427094121567355,0.1705001807714471,-0.3381015365639351,-0.5662829644657199,0.10256433393878739,0.13118686165341192,0.11845077556691214,0.7395088451213713,-0.17410124091077595,0.11056612506372299
-1.9789959961818508,-0.8065754234615563,-0.29449599536648435,-0.8260820885745643,-0.14102397933019367,0.8520088193313964,0.47714380625249986,0.37816176906692345,0.2944965403336109,-0.2787530014631423,-0.2771097395043937,0.4459747255943607,0.2684029859047825,0.21049056639318356,-0.3818754296270868
-0.13887152678306658,1.2647803737463197,-0.3868609944624125,-0.4850213831972664,0.6060493570455203,-0.556903936548151,0.4950302540185274,-0.3644972908759188,-0.9096841084742129,-1.0012215300556537,-1.0400352797406047,0.005395166259160811,0.5510730948167762,0.04025879228623458,-0.0503634792174852
1.5081252570744996,0.3439502927705317,0.3004331734518841,-0.44930007691472207,-0.0823234718682256,0.04555694439558937,0.9683385423681633,-0.3763625718890929,0.7691294864971225,0.5585874016358559,0.05759201314787639,0.6615190321049585,-0.6758382241940247,0.42790648261924424,0.050524192560073115
-1.590456931206224,0.21132295308178617,-0.01922661698056615,0.22382847631871228,-1.5843595418672247,-0.691145731632449,0.1473159896653058,0.05288996272921473,-0.9887408333665744,0.6134411002466071,0.35183899256187234,-0.1875175812273372,0.7766303194608374,0.0959329196155135,0.1275032303036557
-0.20089996847645608,-2.2046636549192953,-0.2109991749447006,-1.4217260302774855,0.7783629897671864,-0.09887517585319057,1.102067387024919,0.6584722918819873,-0.123296730195935,0.06626231943550887,0.5820458866673623,0.5509505761472571,-0.23574288508527563,-0.16810416071104006,-0.10041035182002873
0.114099331116218,0.42791068553143763,-0.6510887433361966,0.01772104314468044,0.29444001933793773,-1.1506382698698006,0.8472476006511637,0.15087937196060777,0.5843974307110906,0.4940343160051035,-0.19121617970688748,-0.3064043710246959,-0.14924736310155112,-0.3564955418764104,-0.269136197585244
2.032644999180895,1.4869869861102176,0.23809163884045093,-1.5042478133437018,-0.6045025230999337,-0.28242741348009986,0.580085410121334,-0.7650861560733135,-0.5000004288521718,-0.1753763957672121,0.0021604578918822948,0.38496611349307086,0.23807665652309012,-0.539019935098415,0.2278524857931551
-2.2051375353869496,1.7787627436121738,1.8030281724252004,0.2675004030698413,-0.7708916209985139,0.08795393435402633,0.1394335655459477,-0.6878153103628784,0.6085505418292683,-0.5718822099880586,1.414938698328313,0.24378801730355693,0.38854551215044386,0.20187465337820895,0.02500287815781352
1.5787956214454453,1.1094171717809576,-0.9509337917584577,-0.7201857830256869,-0.030578526708669132,0.44693544765749027,-0.740358865297142,-0.22555732857689675,-0.48189595584148687,0.6166167265278037,0.2105138792604353,0.45794738142412506,-0.5790357016815645,0.4115430853870742,0.011596439850489686
2.0125094131111094,0.6307976789534335,0.9037985824135664,-0.2711930803318877,-0.34648770138411006,-0.042922096850001215,0.8286196627882317,-0.4247528607458278,-0.3114875330103868,-0.10018053873483135,0.0782728739214222,0.3688873243361639,0.3973645772396043,-0.479088623716987,0.2119245187691734
1.304975614431896,0.641262697316261,0.24252617104349783,-0.032203896701326756,-0.40170228786027445,-0.3702607144205061,0.7219321654606307,-0.7474927761909536,-0.7019526139882553,0.019596562290502995,0.1082942398618882,0.27772529938717794,0.3957684867211776,-0.42959652960085604,0.2770211567803137
0.28049295305353855,-0.21268101049436655,-0.552879572030189,1.2126833565068205,0.058065678435121726,-1.1898457522716976,0.6595997582887276,-0.6207259889020111,-0.6213285027040932,0.028955580098570577,-0.07239200768148957,-0.8288829355658287,1.1561886546657076,0.1687494341347033,0.3555644012219026
0.9820363932613179,0.81336208197229,0.13824743275542814,0.46756520516183564,-0.02880378810935226,-0.6861761744164079,0.7929112356214376,0.7958625323848407,-0.11428022495462413,0.4413015813401282,-0.2555190427895269,-0.5236375181425228,0.27634782396329555,-0.32904981772930764,-0.26636768768914654
0.9249250148672212,0.69910067660205,-0.2996440883404452,0.16345300495331486,0.5821777986743173,-0.7460700028210923,0.7146499099851561,-0.18208936060460085,-0.48163083189784334,-0.17264468065207828,-0.013918575792411902,-0.29275989434971644,0.8075657016258749,-0.06447156569686135,0.21337473861243283
-0.3569016215614418,0.8516139601103987,-1.3712648899032955,0.16355690947396054,0.08103529193880181,0.44282323966348613,0.7513375489719043,-0.15056645409845254,0.4691078147468216,1.016970285403006,0.46138526031807187,0.4078451179360729,-0.45392731552746013,-0.6517770471300522,-0.35615811333086017
-3.1026342902629738,-0.8239297541161272,2.941121370688386,-0.6736136896227276,2.5069826085807985,0.6467755028406605,0.5137715099748013,0.8586973210602615,-0.5636895215212563,0.19542183780170097,-0.9585937144214478,-0.9450964909631426,0.6528380193516953,0.32673542076224904,-0.45224580127952446
-0.8453995687050337,-0.44062818495257655,0.17141584949672822,0.35773121658154294,0.5988707676862617,0.9177791980115058,-0.7593144767206861,-0.9758595404157564,0.6009442764091641,-0.04012108401284903,-0.18187175480961099,0.11617620695248826,0.3355559016766958,-0.22313841039493654,0.37171979297369623
2.2931220451480785,-1.6062363495985152,0.32267007860069047,0.4477726478719345,1.4293374263706942,-0.4623417810526222,0.05879752305833946,0.14773051798199435,1.2263697629054084,-0.43513617919402753,0.07608374541459946,0.007311636565848434,0.3058733372273411,-0.19951771507533222,0.04818807037034983
0.9745663073404922,1.6085146350673931,-0.11204612679288385,0.8802943449373503,0.6326537017586507,0.14962036309650567,0.6945492687836496,0.28538399048146723,0.14537543466361685,0.015539567897970619,0.2974141711386448,-0.009969750185716109,0.900694549155371,-0.13622933844435037,0.07257292763598
0.46960070074182386,-0.2137086903556531,-0.34118288551064574,-0.13688959550219262,-1.591836716195725,0.6249774977268339,-0.8926567153899203,0.7600905423739381,0.012787156717967083,-0.47327373245637083,-0.39177675004082085,0.22580229409943509,0.36370420140642434,-0.009726286806883033,-0.3196596599819116
-0.9797662068769597,-1.155492287613044,-1.087492023593769,-0.16016065831108503,-0.6997276211782197,0.8402662673635677,0.6498965497314363,0.3947774628411759,0.6663166559987121,-0.2581213884225163,-0.158879702591133,0.32635553890846203,0.3038415627089215,0.17670044728754655,-0.3251395018242118
-1.5920603377203781,0.6973749570605665,0.8699480782446244,-0.5793965574796055,0.7038162855849384,0.25698392043514384,0.39405444807141266,0.5045062213731825,0.9316359671196527,0.21376779349583408,-0.9135872685139119,-0.8164875591437766,0.13084099881779182,-0.11914566858598685,0.4932647822916998
1.010384131627775,-0.30028731380297224,0.5482647415394335,0.7436492128999646,0.04767017438705594,0.4379414569764919,-0.42611916118790105,0.043309855509528525,-0.6346257487731339,-0.23975658216164142,-0.924111804319041,0.6034621268207639,-0.5963797164350274,0.6020725614396856,-0.18870016117251942
2.031629430630073,0.06038368614356803,0.22635737611104478,-0.22274270651398778,-0.36997511119872056,0.5333903851764643,0.9870057430649064,0.6033952597040643,-0.06717667245684626,0.5645334259307613,0.05141748891840177,0.011590172642403307,-0.09796686613591338,-0.6423969797631165,-0.29986940583620814
2.145079802046067,0.19650263561393677,-0.3602125126737069,-0.8330394186239417,-0.4166703840741041,0.4709419786717637,0.9136915437014687,0.43760479934616753,-0.17935894872837665,0.5233790498111817,0.04558744416702139,-0.037366193390836244,-0.16601674609270245,-0.6474524566972363,-0.28528505638139645
2.7953091605369185,-1.0605386637984056,0.671024527043391,-0.44035945953377775,-0.34900559046965013,-0.22490553390394308,1.1958312478867472,-0.1154802988874127,-0.39398596995874524,0.17426602211607356,-0.1441669494354692,0.007082088807177311,-0.10643475794461349,-0.03396002461830666,0.14077646190590093
0.5055703553461348,1.448483811861811,-1.1577160143590568,0.08796470899234839,-0.1485112327844728,0.0017427113405832778,0.6330337161863994,0.7100995700960048,-0.19586901404353907,-0.2844601762908142,-0.9976908084565341,-0.2508878557844334,0.051482785351678884,-0.24040517388542582,-0.5550932749772283
-0.23547782890612545,0.8901561587001394,-2.007354739052285,1.839662482986305,0.6252911260838969,0.586084153858518,0.7638389362982868,-0.21410667002057743,-0.4403838636532934,-1.2212453363488769,0.28402567295444064,-0.7634785099285514,0.21372074922820633,0.2189003396276829,-0.38749592022634727
-0.1547419081732562,-1.815820946449231,0.37235941770912934,-0.0370612104677715,0.6049254194898552,0.3654347064773654,-0.5317522307818336,-1.1021038836668957,0.374760215693925,-0.28805741335448737,-0.4498924870506981,-0.15500936179756064,0.30375555710908686,-0.1631576678387241,0.4735297263598999
1.1470829991919835,0.2895011253059538,-1.4604819037775305,-0.45181121474764907,-0.5026498470682156,0.8066994047267373,-0.9711730031570859,-0.5745059232917449,-0.1934619458591571,0.8662436069223503,0.1737548593319975,-0.3016009357505325,0.12678460682007286,0.8227350623583098,0.08631774248027033
0.20874311531676576,-0.5400565488758258,0.7366876351007839,1.1668102311380502,-1.4516988937650133,0.8130414198275853,-0.7350319433477184,1.1086255921042134,0.2408880801644696,-0.3691803496442204,-0.3458138833673256,0.31797696402577924,0.513112741782071,0.010205963019612851,-0.35280536140269797
-0.09646839290061485,-0.23287722962757618,-0.18048267874080914,0.5058615934870399,-0.4233249911607737,0.7233624944737713,0.6545011915389733,-1.0892944612979887,0.8423124506486743,-0.43733574539131104,-0.635300742076657,0.23381509356827856,0.6098991084079876,0.007293699384589902,-0.051597409297919686
-2.1285546627315064,-1.2273853421136072,-0.3409781671405802,-0.9771597884389712,0.49993162126015844,1.0277894567418853,-0.8623091510340529,0.47559043119926225,0.19283983665470733,-0.3284134977705722,-0.21368831834147867,0.5500796402628447,0.04710198694125323,0.1578524088457041,-0.4872702920288237
0.5671453845244065,-1.8451285744108248,0.02753583386491191,-0.8998161839308798,-0.3248632707761441,-0.5486015861823144,-0.5479738575265147,-0.6430743939537567,0.4254874723587034,0.5937755108197675,-0.3319456693476352,-0.5343528045256422,-0.13312677962824243,-0.3335285619843319,-0.20189724832334066
-1.4175074867548392,1.1182503827753225,-0.3467387784138128,-0.5690788545836607,-0.543282076731159,-0.660230305478438,0.21551224141802655,0.6132801117508129,0.9840421948955694,0.3361365319696792,0.3642841669208853,-0.174187585807701,0.7241832391756974,0.23336518726920671,-0.11680347794448827
-0.7996190614472725,-0.41489938990393854,-0.5013785784089035,-0.07277301484632354,-0.5316787578611071,0.18190194704467305,0.9228970215430171,0.36010790037082335,0.16697106816381496,-1.1641359698554001,0.4549706732257089,0.27778429520277037,-0.9979662950511702,-0.11961415236560735,-0.624004525525149
1.695938544881644,-0.5362837902096079,0.5311841568226184,0.19373206256537834,-0.047107734203179416,0.8693186717492638,1.1496401908994975,-0.1680794610415996,1.4050502679683963,0.59834417405526,0.3475137153319611,0.3297091536474831,-0.22515754062142818,-0.021621935896958433,-0.0748271257790873
-1.5106170760433013,0.09074705145312917,-0.3562552110184775,-2.6780693096631007,0.01351458137473753,-1.096677341874182,0.2485090760085144,0.03530274620732121,0.15004030804331497,-0.6946672840150788,0.6401909422071645,-1.183188654196968,-0.04318409925655922,0.4473508354136654,-0.3436246826336513
-1.7377968857482273,-0.2738481734535056,-1.189275478386002,1.044406842353879,0.5067687924191818,-0.7615313299109119,-0.929736495311533,-1.186779014347132,0.2342742206040202,-0.560474886948224,-0.8963555975036424,-0.384057308768358,0.740697292803617,0.3363133568289959,-0.02909579002220533
0.9235180400704803,-1.1637440554372434,0.4433376852988166,0.3173696576056545,-0.6355399353335944,-1.2597850447091283,-0.42189968513736054,-1.1331182060700922,0.265283354911583,0.5713120221554107,-0.27030632020240886,0.11735737242606353,-0.768699643955097,0.5346522911573568,0.22493194042417736
1.026797093028794,0.7515760402528371,0.7676006063465743,1.1091285623118787,-0.16971896952423382,0.45639119918125126,0.8756772913557319,-0.487990981229983,-0.34456092876522687,-0.47484716283207784,1.0098812578511636,-0.29610494193611797,-0.04959753248717208,-0.3150884681285335,-0.11482114065597084
2.112225912678133,-0.608768082191981,1.6060260770677428,-0.7830603515160807,0.6365058469445912,-0.9233548846951467,-0.3033596304032492,1.0578632361226001,-0.11380422874875944,-0.05981573987340982,-0.6430812842915044,-0.5196248067884369,-0.031938568021578406,-0.4089091237544836,-0.34565517012358893
-1.8961230917992655,0.708409517631976,-0.9138974257585244,-0.7218345877562719,-0.9421191886791284,0.868857242838589,0.12120979364896872,0.17223929344711297,-0.8834832359925718,-0.4569451458124557,0.7631768204800697,-0.8520622939659307,-0.08840248332011214,0.11677962965198732,-0.023377605463151985
-2.365186950052236,-0.3569487484846819,-0.0699787884627386,-0.035801419294624715,0.2748283195778518,0.8211096244729355,0.4605155718037304,-0.43547560858779777,0.08951157059169372,0.30890502093029226,-0.8679949574741683,-0.04603733889873035,0.06799099285652199,-0.05328256005075338,-0.5628425837775948
0.165958555168415,-0.12679148465023582,-0.1281707785190544,-0.38178389494996146,-1.8981764676219466,0.34177107267059087,0.45434452527058056,0.4961210286767368,-0.24038405132700696,-0.7988375569994278,0.4426153649457856,-1.122793024679939,-0.2697464872713073,-0.02835781167416751,0.6795261952553561
-2.813901657771525,2.2458116777566675,-0.2691345378722062,-2.4704350821675347,1.1377007689793948,0.4166769739850424,-0.09734302163122105,-0.09760022960173322,0.3189052838039827,0.32322057755995626,-0.792255836520604,-0.5532479291538798,0.1104804346866699,-0.08524122048094995,-0.17904569808967113
0.5364789594471522,-1.680414937587056,-1.047665265076395,-0.16358590807441412,0.6065430631343639,-0.13607210932316854,-0.29108577232929733,-0.18178948883167223,0.21181975500082462,-0.4052273250194152,1.069453173951065,1.0043565279046653,0.1307464705762092,-0.13622840972079286,0.3284739145257373
-3.10793837346469,-2.0292968455942004,1.3845951396494713,-1.344527843350788,1.2752692659712364,-0.06562287105714172,-0.9653725430806678,0.34005589883406795,-1.415521561032104,0.3833135626851947,0.39616512919655295,-0.0460368935072864,0.43603748457454417,0.362318851226233,-0.40987307022674996
-0.5108309546725005,1.331799658671746,0.1872814517703797,0.06319175046693648,0.3839356790933308,1.3025769432816547,0.8382378418960519,-0.41269096336569716,0.5949338508932858,-0.7330744603534118,0.20654646038432528,0.39481451114860744,-1.1829707632667188,0.07126102660362849,-0.7010219450989359
1.4633496291242922,0.29135110705964057,0.3119649295380191,-0.5171405153075727,0.6283756509990034,-0.7775099174840778,0.9854754648636368,0.09817594287953882,0.9547778242395217,0.223254467817801,-0.2813548971970144,0.05342527976400069,-0.3162825110654165,0.7597157579953066,0.035743820723563795
-3.554614843761201,1.6432460122949148,2.898241780780345,-1.225411349227552,-0.07342845967458315,-0.9742541307454962,-0.07088525697698468,0.6674441944069571,-0.630096084953704,-0.9890085189047174,-0.10061637249011421,-1.132249331358754,-0.13470173153954662,0.39832635273051986,0.23596852457733747
-1.5524745392104278,-2.023829179400742,-0.7991127501361805,-0.7565558197727158,0.07624524003559134,0.45442086382022795,-0.7207509511421069,0.23351618855336564,0.0822667143480365,-0.4125343435446967,-0.32926382984720576,0.31328447414293237,0.03308032218752685,0.17803769135760886,-0.36301389207155166
2.3343050133018313,-0.4037919982653633,0.09385518453136257,-0.0060190088111166384,-0.10668925936757591,0.03310600862987294,-0.37393392344871124,-0.05404661799976963,-0.38912785831699587,0.44113771021922643,-0.017140414685537675,0.2736564317991461,-0.4978033323035693,0.45607473026855205,0.09095301821705071
1.0696912218629882,0.323935422688804,-0.3239136827718071,1.3017431544524531,0.5789299631389293,0.002197779326490387,-0.42729658356274036,1.1522651156043473,0.1720417406602867,0.5530140906830625,0.07679254991399272,-0.3817265311343176,0.16660610846513507,-0.3817779100509181,-0.4112383720916284
0.2131535463198035,-0.21660023923769106,-0.5846705443541194,-0.13524634860795845,-0.24738612964109152,0.2677173522053257,0.586675180033108,-1.30171105232628,0.724644954923963,0.3536503102270374,0.2898954215513284,-0.07087423811771959,0.7293936805977036,-0.0804629588421194,0.22257818953777253
1.203566642124457,-1.4391427522940883,-1.4595213335089277,0.14104160222773687,-0.7490947650397536,1.0889228093186485,-0.668091107110054,0.06836630290782571,-0.04366369310193936,-1.0678799536123145,0.06452899245097435,0.3113038348895114,1.0029669211836167,0.31855097979750435,0.14645275075702027
3.4914149704469466,-0.2809906727503089,1.3546193408572247,-1.2346501332352187,-0.5603509651288583,-0.13337923321856932,1.0723606910748587,0.08376489790299657,-0.09883390747024161,0.12378830677175456,-0.3839799152449815,0.203120864944966,-0.378038639807278,0.4577297456375812,0.1480164484548186
1.184748189510532,0.8950026392569548,0.4685921566525101,-0.5549921806974677,-1.1118342671992931,0.1633013779812656,0.6954609417001099,1.1697668153382885,-0.10003329170876178,0.1611223592367188,0.6006916982730813,0.6916573788270649,0.08559010141188367,-0.4306547233931296,-0.10529890253673509
1.8461337653981995,-0.46560985566535296,0.014453229968738372,-0.007244253696903735,0.8523085733824143,-1.0547039027687763,-0.24389088584520835,-0.299506815406604,0.9712769791895359,-0.4058532669082024,-0.037239226039639084,0.06140469190706277,0.18200844859750115,-0.27642957204103547,0.10827712576512599
0.2226271110295266,0.6486247296728175,0.18236461529411213,-0.18331742272382176,1.0698300481020975,-0.5505508784713442,0.832290182597388,0.064039895515408,0.6637245938317176,0.42951196654707857,-0.13513587781851882,0.14153663316375825,-0.26246403834538545,0.8211605845454585,-0.007623161991613017
-2.2791171753438055,-1.1073336652742873,1.135576241055893,1.056053027346162,0.21260624513389031,0.41383420026950674,-0.8407517346653949,0.7315915511792253,-0.34521095312985556,0.7027713901739217,0.7956270072940845,0.16028723860715982,0.606632397899315,0.21109854377742007,-0.43658252819815463
-1.7886050889227338,-0.4500742687469102,-1.4747696110769288,0.37223861492675536,-0.21176647975207263,0.25792902346624974,0.4232145862981481,-1.3498272744504594,-0.1617137033467782,0.3266055418775208,-0.819769997423216,0.006810117914400948,-0.11503913166478225,1.1192943445670007,-0.0387419483242222
0.11646661480260473,-2.6068195764304325,0.27667865913630335,-1.156719528136667,-0.7399001671949588,-1.0997178197270028,-0.5603575864322242,-0.05423780727155897,0.19813303267496657,0.05707450744056364,0.11261250849002016,-0.1131594451196839,0.0979459952732935,-0.012255075781644975,0.056350519110613645
0.1875504272189465,-0.1842545366348215,0.5283983322384312,-0.8584916612317216,1.1369919076059478,0.45865175787631185,0.9710835586627523,-0.900384910391533,0.1782335563516676,-0.6453417930496795,0.965642904991727,-0.06849292658588851,-0.5289883347536072,-0.2747989160480572,-0.22006244691756827
0.8573173908899714,0.3972045743952883,0.45166391548705354,0.8813764539224976,-0.577236034457991,0.10308204453918905,-0.6140394380121433,0.7563672111968875,-0.2988448870339099,0.27017176227905637,0.7643521722810005,1.0430601918400937,-0.16728358202372462,0.71264612290564,0.23431452634907068
-0.6243398662766966,1.8300076322754901,1.2261361118553638,0.01455485503117264,-1.0568078238752983,-0.12450441050065704,0.28892847501020036,-1.0181230597432402,0.8934499896866761,0.8748040043768692,-0.02541926483707249,0.27494861151448635,0.1418252584965377,0.09833604670407245,0.032208435715684075
2.1235911612961766,0.18837470837959797,0.7017384861978586,0.5990212124872568,-0.05333466716991632,0.7005246292402718,-0.32940384500112374,0.09843787449224975,-0.055654208258891044,-0.11577528825234895,0.7967541199371304,-0.2535432201388231,-1.0178865181770145,0.5223726837152978,-0.29912026665533575
-1.5527713724055712,0.011914025969318155,-0.9730509875284261,-0.4511103000006802,0.09016807906740047,0.28122575499768315,-1.0928336475777671,-0.7029194605604807,0.3028433086981483,0.04108991998731304,1.0506260736086956,0.6744363825398416,0.7374442343568243,0.16458128016509285,0.29819265473135714
0.07125846903133773,-0.8608011137228271,-1.028783179806308,-0.1638050944966968,-0.3004168432064514,0.7174885799879422,0.6473188146693022,-0.3267230644820103,0.9421201215427365,-0.05443419902088381,1.093755373411536,0.44796421769805694,1.0392761443215606,0.24572199456708585,0.3616663087233774
1.8907284592149995,-0.5671765138069047,-0.8845184687474315,0.12969311384859178,0.17660139213996962,0.007687491609050398,-0.4236904221054596,-0.618525148330748,-0.6391300252696728,-0.015834745086693025,0.3350692546603223,0.2009412707937886,0.21873488581104045,-0.44267432219010894,0.2054105158665379
-1.925634917678359,0.99859712874377,0.6951869305474386,0.022621309643997944,-1.2241530031478418,-0.41100703546486483,0.30306552405693565,-1.129161431584564,0.13895003172960674,-0.08366581077891372,-0.19732759397987504,-1.0219572595105466,-0.7528657731002285,-0.3469602452685756,-0.14431904804752588
2.689479125016196,-0.2530043220113643,-0.3102927624996147,-0.6228889505721028,0.10092732026835398,0.20424285586997543,-0.4022470962375886,-0.4092673527355621,-0.29470799685290344,-0.1924082579747446,0.2404823553532182,0.30541582750942475,0.15342830400299806,-0.5243784992751083,0.14705583267431743
1.7176132190378377,1.0651327077048613,-0.42036447205358907,-0.9599872402600284,-0.5310804856594071,-0.0328154421066172,0.6404965367026344,-0.39001804100638765,-0.6005933495064364,0.5363678558667915,-0.0413215832684069,0.27996414858433516,-0.3880807580096884,0.49421128984180973,0.1480511910244115
1.1329157063604538,1.012123462792966,-2.3099264933653236,0.24545471250675704,0.8014954035520163,0.6052331219701064,-0.6628111597334743,0.062291417109118716,-0.11106750594916652,-0.8641657927543933,-0.44488776554830695,0.11050810527089627,0.4196539251468955,-0.07845640497415196,-0.21252224557293647
0.09810731136251263,1.160251809667421,1.1696822774166504,-1.0267874695684411,-0.34300958551418215,0.4505800811440291,-0.899491468154762,-0.9596672864038951,0.972168984448327,-0.042686977363202205,0.6549960431321402,-0.39155038232080475,-0.7346854922295735,0.13031588267905217,-0.4042838202554637
0.5395936197743876,-1.0215158528433246,-1.8070346588337576,-0.6462554809295021,0.4362270390854005,-1.6053308346418715,0.9993493403319731,-0.208185012974285,0.10640255156876184,0.3372680660197054,-0.30079327824315644,-0.6926328035663454,-0.20269178022737616,-0.2413110104805154,-0.1455364165561715
-1.4551701153659296,3.9817241419671623,-3.5624152175325796,-3.1126124243140456,0.7340605388682528,0.6637023545504384,-0.4291908561178436,-1.3027445419402808,0.691218964799768,0.36103651010787163,0.5127992463541289,-0.17532817874770612,0.7833358747571993,0.10311283260833645,-0.03317840398388948
-1.4778171105609947,0.7573042021013792,0.4923861566894515,-0.5218149503340511,-1.7157282398543707,-0.23936982639097903,0.26328001710442595,0.021742393797209977,0.5622731476106609,-0.3381489425515389,-0.5788138078814635,0.5883770407726892,0.1414357621898653,-0.013963446611608865,-0.2671799901863465
-2.3687480777658885,-1.0885896388519614,-1.209567438995395,0.5404804359981755,0.12177035660110334,-0.11760550639541052,0.7287888386931073,0.35003577214962606,-1.403752847102153,-0.24995812693795594,-0.02862695840963947,0.587267284083094,-0.10030266883389088,0.13180129560330628,-0.5100475728148303
-2.6702987077028717,0.5836123456934095,-1.3767044218822388,0.05315140237449591,0.6944785240370506,0.18522683834969744,0.5406249529154475,-0.5783333059930762,-0.6290597606169589,0.6912549323742516,-0.2294155400627737,0.25360645659234327,-0.7073076407909414,-0.5973517740385541,0.010478063435756899
0.015589109885167457,0.4782512089619068,0.4800192827059225,-1.5101634862944946,-0.8256327416130802,0.4767495916449352,-1.127169421722218,0.7504687400672252,-0.20323912793140148,0.27656800239610957,0.4421257701891073,0.16345403272481068,0.45367220221991444,-0.10860438646843329,-0.16411586483852625
0.4250776478658272,1.0196652430144895,-0.6983455461546424,-0.393754358175045,-1.022110355622202,1.3955759832991472,0.3418584373069745,0.2924785319844341,0.14430333777236476,0.4971950017624236,-0.46902124153805286,-0.6788818480867904,0.11214496541505015,-0.4513184108585403,0.6140302838069659
-0.748239180475982,0.9442306413059891,0.1526527161887049,-0.7121107787633149,-0.43345014425796313,1.1051363906766938,0.3951243951020932,-0.02064661864556809,1.0041499725435645,0.5104383929671494,-0.5175301105682812,-0.24712570651398996,-0.2752194206917478,-0.5102865603767851,0.5274986172880711
-0.3127885579254526,0.409118361115121,-1.0067352555686844,0.6528692158975802,0.1648041670095114,1.759307924363043,-0.9801504781005796,-0.5666187015560054,-0.2277233262626664,-0.2901118462043939,-0.3235326988366695,0.14571323703852485,0.806563749837712,0.028194007251384656,-0.18931055932521257
1.9462041010278792,-1.42375221117913,-0.4415867780050296,0.2772274054356135,-0.46597505309374093,0.7102142675394215,-0.4964356802051362,-0.5073936952699003,-0.09434800448815008,0.010843030243132712,0.6514088655715644,-1.2419522599910167,-0.3677928855859364,0.9946833367448747,-0.14596825777395117
-0.7033508010600149,1.6265084577310913,-1.4408138289547767,0.8576050288168583,-0.6422829813430961,1.45263357649098,0.5125596508082721,1.2376311950596388,-0.23149397147743428,0.28711480129502076,0.7036849761497816,0.7528829017401062,0.0041568516370214526,-0.4369834439762591,0.10826221467249572
0.775099497218452,-0.7353511974310606,-0.44238165404329366,0.12534275252489296,1.8870693828836493,-0.2399103646582546,-0.26750028347357224,-0.0908094243847566,0.7493480518258926,-0.20897692436844667,0.25446621512190765,0.10795712551230813,0.28486719210273315,-0.14622139685422186,-0.00011906413094765755
-0.3201459017438372,-0.7717583694633412,-1.9454830763970357,0.34410749124479034,1.0241500012736495,-0.7244854608751092,0.9894722279030687,0.14661161647249568,0.2715655343436377,0.6306550888555456,0.06796189637825863,-0.5237429461965624,-0.04822808101053505,-0.1862936795551744,-0.26555821562415016
1.8094703205811218,0.42093727853104645,-0.008881508126323476,0.017815019550214722,-0.1096275912856647,0.735284328748147,-0.46778712463318817,-0.34886412910839965,-0.27386816497161764,-1.2083714122300284,0.36800993001426346,-0.47659647152359164,-0.8170307776575109,-0.5863636519389092,0.7341547890735624
0.6622748671885184,-0.3620826000354626,0.42371503445228725,0.46494534284935907,-1.2179593729364133,0.591999002599276,-0.7971042617590522,1.0252814353870094,0.2817214215570124,0.42085990500401393,0.626455555193975,0.07515334522704237,0.6383533817525776,-0.09679817056363615,-0.1185342066924558
1.4809921010295766,0.3900927651909569,0.5695364585896984,0.6793071778228844,-0.11193404996938601,0.35099952096456966,-0.5081227918222346,-0.28403761727620264,-0.29931618882337846,-0.44108247301123743,-0.2689179229108009,0.49411622578913916,0.023064799057191998,-0.5909238568890078,0.41729637841604983
0.5332236848996394,1.276064661994366,-0.6956553113878287,0.07426218958197472,-0.6175456936925019,-0.22009023045058868,0.6275866894829408,0.7726600831044187,-0.2625977788814324,-1.514391043829697,0.17760455621828497,-0.18495865091191532,-0.45663511632916154,1.3006382279641873,-0.24225502798685294
1.164425933947559,-0.4113630595295175,-0.24737866126826086,-1.6938773173466684,-1.968426801149994,-0.5906784353277061,0.40850190594788227,0.23315988251886682,-0.37668749763228865,0.10289148715487773,0.13555614602927948,-0.33518874019778244,0.5998132002915028,-0.01690242183330215,0.1263088217692984
1.5745042913411547,-1.6004691679218712,-0.366855047511139,0.9872173435648958,0.7292932319961458,-1.3580093773925486,-0.06856924660646593,-0.07102043307067175,0.6808918043242251,0.255470781091097,-0.23843055121593665,-0.19438989168541232,-0.4219307057577213,0.792670124282758,0.12360351370804246
-3.3063821644416067,0.21931503022108229,0.5422822987522,0.486558011355968,0.081168950011461,0.13817391563145365,-1.193889962951323,-0.7101594254576145,-0.1393782439937596,-0.6853681336166717,-0.08932323049505556,1.0404273450305086,0.627293549375317,0.2959301734073706,0.062124144258914965
-0.766235583381722,-0.5522988726330292,-0.03779422878662016,0.6462089498941921,-1.8889424423520502,-0.9015396232376596,0.3634295605710093,0.09314336211574699,-0.8058354934140345,0.5282397672349182,0.29538623919753737,-0.33056591601253293,0.8066641034832921,0.09558462669227882,0.1908103239084132
-0.7769183717192769,1.3366648240664902,0.9897168820632175,0.8806707618474664,-0.6435602883380767,-1.9254629698369516,-0.7501102929573744,0.8799483056643768,0.7707082135877024,0.07825980550439549,0.24980236964496316,0.610955965867283,-0.13184185217333982,-0.30605241043856257,-0.12397513283484786
-0.8997749284153747,2.5798929233930656,-1.2332819038491758,-1.2234781773780072,0.5552767790239312,-0.5290637558992586,0.3523692180099608,0.07010755175113502,0.5227671895935238,0.6490750995801147,0.014174996521163996,0.03403025287502026,-0.27001774990690475,-0.4366108615107084,-0.418663153537319
-1.8047750585382787,-0.29292638212425287,0.6795515052341357,0.7128020199663953,0.206268107008505,0.366368722165199,0.7319409945119497,-0.06282906589775315,0.19897582850561346,0.5587160266464477,-0.5007198531546546,-0.1175163150399739,-0.6447886787531406,-0.5741406456250995,0.5994746216101029
-2.6368791175965605,-0.5396207646060549,-0.3834848102551083,0.4000869697979963,-1.41680059509315,-1.1793372232013832,-1.0849634782308486,-0.5392574234742391,-0.33010308691726614,-0.23450403517263074,-0.6143656500197721,0.36283857980457435,-0.03939194206115196,0.05610092380092235,-0.15713757116180954
0.7623979702895904,-0.8740591963889666,-0.8384664406913638,0.32401806071161643,-0.7906470573651869,0.9269151793617538,-0.634476912088873,-0.18941619577670515,-0.219043522245507,-0.26645983733847817,0.13748658595615237,-1.5172284939449239,-0.48662841869555523,-0.28798158807546437,-0.21963515742967082
-2.0524922882300576,-1.8861485024224875,0.06194413442553611,0.609638090008446,-0.42658345978973605,-0.5064664778416491,0.8457584242284675,0.11376887951845915,-0.3095211629921254,-0.34897879561084266,-0.41726567737309855,0.48896091084726667,-0.17848166290270112,0.04770741417329105,-0.20639012447201416
0.7872105410291852,0.4572563550188438,-0.14419376399275818,-1.4676834905099176,0.4300965093315399,0.2806137821138617,-0.743793195065652,-0.703933257753741,-1.0711910680480277,-0.9825641264828983,-0.8394433783627089,0.6351627025510266,-0.11321123627885549,-0.37813642045032725,-0.12375905320071164
1.3016139431087435,0.8042225985976093,0.165417920083914,0.3385237633430459,-0.26425450821085056,0.8230177412256678,0.8676822177420142,-0.5236749496011661,-0.34874116957971246,-1.0228450833135554,0.43961386251253726,-0.4002090988600275,-0.3777318509007669,-0.43944395373080014,0.1886233663295252
0.53855465718687,-0.06694235964583739,-0.2466741097394195,-1.077071064035263,-0.7202250999135353,0.25171476713588886,0.5988227803813607,-0.43484386333045344,0.9416203027839285,0.7929224859294293,-0.08543875935687298,-0.3359137226936947,0.08585758292209222,-0.3539739582537139,-0.2640541485863755
-1.7987797213780554,1.7198828876571461,-1.4192163713546044,-2.3501744017251656,-0.3176978423383784,-0.17112394042492102,-0.045340688837909066,0.5647802578692449,0.6836570919118993,-0.24242870252305632,-0.23583690034390553,-0.36050347759499,0.14480400539734917,0.08867866369124913,0.7518262923356742
1.3164853225208641,0.6721006681643341,1.34363656827447,-0.7298956456146444,-0.36262424279364397,0.1894566530252348,0.7988626519795485,0.05166135249438163,-0.5052192590177924,-0.1809956938895666,-0.7559960989036845,0.15523249116426396,-0.5759999967935121,-0.2513671093080838,0.9592055316907364
-2.462267277603681,0.9845311734031059,2.6463802913998626,-1.1417542396042708,0.7871601472551248,0.2669365880548028,0.15301328065973913,-0.7389885085671113,-0.809758018899755,0.7988825355486824,-0.11887778879697147,0.04657946457040457,0.3848149788098505,0.48931644738832214,-0.3247559323326405
0.1344229818131642,2.4576763390422,0.17055901157394326,0.25475655493584326,-0.2738389837116943,-0.7028210146873621,0.4378235844617291,0.6315493723971323,-0.17102690750318134,0.5862943282013022,-0.2083523420084193,-0.27996118516027085,0.20987976461410623,-0.4153062928184764,-0.31082000169794427
1.212990666348131,0.9733823733882654,0.6362095467441083,1.5799378345694666,0.6204567745651076,0.5286968402192886,-0.4830073829679822,1.1663284350285985,0.41713233882176626,0.009925755174016948,-0.5475349298120049,-0.09219108755308641,-0.37995371720360194,0.5751964784679232,0.8137250004285508
1.976252051151639,-0.35275824389818156,0.7981249492987682,-1.1951660033412814,0.04548728357374553,0.971896838163131,-0.5894552546513061,-0.7644159616556487,0.6082235293260945,-0.7199115701877404,0.9005047895363867,-0.8095514101462475,0.05070121387605664,-0.007934508357133163,-0.5082145362666741
-1.5686053178692285,0.546090599682694,0.26110683773671184,1.5397739920788707,-1.1561460648774353,-0.6478892122205633,-0.8518535927004598,-0.3545451251414342,0.27800254269974306,0.16855779726127673,0.14485136448808408,0.9639189300307578,-0.6725384939486296,0.6735019333086218,0.6338803204624207
0.4274121492964928,2.894298245846579,2.5149244022948682,-0.17241556507734315,-1.7663181450799266,0.6135097755520202,0.09976497911003374,-0.24076774168491633,0.2860290770534457,-0.042890513452824575,-1.303638063923503,0.4524722626044042,0.11656273757713226,0.7353926389667486,-0.183149657341721
-1.6636762526185214,0.49690921123736514,0.26721783801266774,0.38624424120391065,0.49319345471057985,1.1688192147777856,0.4219131488341029,-0.9928608393378997,0.5435816327280006,0.14521580270502976,-0.11238764930910505,0.15761543139693174,0.5810187740767413,-0.1354509084724227,0.39021295494858627
1.8093641896395025,-0.3034834811971759,0.48349798561221846,0.7911619494001288,0.09916950459385647,0.03990683563970569,-0.3792726407040088,-0.33927512012274225,-0.37130906674332903,-0.006125206979461284,0.2614090823926015,0.3712105099882961,0.28127787713038915,-0.4910894495496193,0.1641272730592117
-2.6862031741783268,-0.9118763796812888,0.30696255251826615,-1.9696565083820026,0.28044000804990266,-0.18471944662531425,-1.087352598893586,-0.10301882554909782,-0.465939278124133,-0.11109753282187723,-0.26642624819732535,0.17844147515380887,-0.1850529404161983,-0.05987324774877534,0.1931777331678966
-0.0871473153617282,-0.7161454679201011,-0.004769241751814278,-0.6670192397338446,-1.8748447368697838,-0.4661665113487545,0.6283359964258852,-0.19835932724313987,0.6424800373137829,-0.8521766484795754,0.3933585290697211,-0.7098815221161848,-0.5085229061997223,-0.008099454031804787,0.07698117322284649
-2.013148134681048,0.4681218149474144,-0.8573761211156481,0.45458596979072763,0.8767283533766914,-1.0530300298614996,-0.6761671463334209,-0.32890676404998914,-0.24791820471042952,-0.4544205814554714,-0.04247482408558606,-1.0007368862147898,-1.2018070356712367,-0.34108580398347543,-0.29793308518035505
-1.1210581129936643,-0.33582510915603514,-0.8913920378517736,1.5058478234505577,1.64713626549551,-0.5762079870721563,0.9101000333649726,-0.47249717255089935,0.18386741623123537,0.20899470113562102,0.37002980918644995,-0.028506797252330518,0.6265015147904892,0.045241271471908984,0.1455048704192341
-1.36387818394309,-0.3327463881552405,-2.5263304055685185,0.11704338805149622,-0.06938574627003087,0.5529301301987402,0.7448670932038696,0.5675973057493852,0.06952523133602716,0.14010520616705202,0.5500399680889514,0.5194924955076999,-0.5909729305017317,-0.38179067419164137,0.8117000086034646
-1.3089624998989169,1.2129069927499863,0.5452714701525178,1.9806937953777595,-0.545442496136783,0.04299083880976921,0.8224335184497942,-0.8812084020585195,0.24179471540763264,-0.5482931423195896,0.03719546718629192,0.2671127726352065,-1.1076601438611289,0.07636190310381041,-0.4987437841179974
0.44328354154814215,-0.04433041042997803,0.08808753416451244,-0.3766731578226028,-0.4792159921471871,-1.6965053113480635,0.881653701008223,0.8863597764208027,0.7338128481362567,-0.15204276223127244,0.17782071312965736,0.190738723662916,0.04994537605813182,-0.12402412067616753,-0.026889709980087065
1.3943904260912212,0.11070700159680558,-0.259265447202089,-0.12654476440602516,1.053329432867178,-0.3214271855110468,-0.5224347274789428,0.45859814721248054,-0.3340185902188106,0.27815657649493464,-0.15789484734722664,-0.2109105431323896,-0.11381885276269682,0.8208575209198138,-0.002771769915122249
-0.4204317825279378,1.436892545835399,0.3905233822052383,0.9864296667865967,-0.7577406610491859,-0.7935852320644283,0.5170314830787895,-0.7515913880804201,-1.1103762991738984,0.7760284013517815,0.03637793184941503,0.31517895233004545,-0.07799734043145973,-0.055826351307155686,0.1747759795219635
1.472215362601661,0.16841681366879596,-1.1312524536631723,-0.07503241826053855,0.23436022428337544,-0.37825687079259906,0.8844355825509681,0.7553423976245057,-0.15708928215858647,0.4037945517894157,-0.11547072275271392,-0.6953244766597176,0.2586661042508634,-0.2690650639296961,-0.26359635408900656
-0.7444578668723443,2.9449355370896213,0.6455775572969349,0.4313169260477865,-0.8668022603394983,-1.293014784711203,-1.1666668528825697,1.2142312076372093,-0.22743862819856242,0.15746428937749823,0.33316877945621004,0.4920358705347754,0.19041330054418032,-0.2944989743063283,-0.16043931563257702
0.9585879661087786,-0.3846294133804441,2.1002929836095,1.872717288579092,-0.5937335400277717,1.1923170903934122,-0.5228878592099332,-0.30816475804190574,0.3493037972134524,-1.2609675464334384,-0.13910766603186503,-0.5447615559251235,0.2919825039629905,0.028232751866256844,-0.422277196806151
-0.39753581314102165,1.5727502028849254,-0.8210752703275833,0.6446848963897409,0.04114229593400785,-0.34379887706503454,-1.242269759953296,-0.6192952638262008,-0.15178707801317143,0.25032484632808183,0.09912134291137445,-0.6450270748496837,1.2406645693100717,0.1481607040329164,0.15778364308059337
1.8221720068774045,-1.2863379692060628,-0.2535698306242626,-0.2640376596442645,-0.7653966005741779,0.33331622666201494,-0.5855900735788719,0.05500884300421097,-0.014002060784111994,0.6430117416591556,-0.14931836618001165,-0.7607912971102477,0.31264021452074486,-0.3209917826007359,-0.22235972561395007
-0.4034702645288757,0.35036162402404764,-0.3079571775841499,-1.2440359417708258,-1.9939629466301982,-0.5935074864848855,0.34566072098673406,-0.1991224626373999,0.5991992198132833,-0.11922486920236791,-0.27707830249478677,0.09671993813884211,-0.022520193302964453,-0.23688368423141837,0.3703587677020597
-2.2560381594814,-0.9230766817989913,-0.1379612050609927,-0.9675134571347056,-0.048962544161523805,0.4963809118785462,0.41769682894976456,0.3818023250179274,0.09045121004519242,0.04645542854608875,-0.04067452267724761,-0.031468672393486774,0.010618453131901545,-0.005902293214188337,0.8216553417858085
-0.9686270181017069,-1.1258443865225212,0.6994942585605359,0.06505144615218178,-1.2752093456888303,-0.9171194094329389,0.5932386407238085,-0.012749018356929487,0.36596656799482524,0.41650803228344535,0.2671302469845266,0.045095503028538986,0.4195117009551306,0.02465429503538663,0.08320904993188946
1.1855755267656134,0.5711465685073837,-0.30269780628681453,0.47102206936607816,-0.150557048742322,0.06429309141027977,-0.6257241796945582,-0.22941236322278707,-0.585710797933441,0.6951973580138548,0.14204707970515845,0.40251874067079063,-0.4783689104660479,0.45290922121787447,0.0759037049725042
-0.8624748701255924,0.6082116588219452,0.4993448724482311,0.293765136957873,0.4695894433925532,-0.9157936396598116,-0.6337106081422292,1.2417512603714342,0.7714587923555882,0.08355167369594341,0.48853906445520495,0.596213621382929,-0.07204993598478476,-0.19097786188442523,-0.2534379123926766
2.719322160302239,-0.38181416670982765,0.11246449780178663,-0.24790167774546326,0.5196661549813242,-0.940333004864462,-0.3444013570868186,0.028085725622393018,-0.08092533888605817,-0.5381063765767345,-0.1907092614417552,-0.31762409998795765,0.5286406857926614,-0.2121431049642476,0.17694730893156807
0.2725535832514813,-1.7545475150892385,1.2756011326147025,-2.730302325586053,0.7887936291262245,0.5368307427768928,-0.6219939121440915,0.20595577869719234,0.576937337090962,-0.18860437757749826,0.42686328638224186,0.5361966800486577,0.11487155074241506,0.5339208520037626,0.058809905459989015
0.9496124463672468,-0.7597606321478718,1.0218389177217977,-1.0702855951079813,0.8322623603201535,-0.24062065648006997,1.0444216805747653,-0.7942701488379867,0.2186019183706217,-0.17225950469065704,0.0434328410356057,0.5518892819900668,0.021140594282826164,-0.4066272256605147,0.15317402524705803
-1.5862432942806,1.410567029844927,1.9295913810305758,0.8045299995742304,-0.6402933126791199,-0.13713388053833303,-0.9885107767124668,1.1829865446986267,1.5220149065717985,-0.8579053117375135,0.34321734214151034,-0.6936246361837792,-0.4069806796462247,0.0032047014975128407,0.35351270288829306
1.3721904558615248,-0.5182231163575448,-0.8329174526313359,0.4856864627785411,-0.3076399712666476,0.6674074371135805,-0.35432380382730255,0.4362436716077494,-0.3966395533027749,-0.17569560206624824,-0.7563366587260063,0.21386886340615896,-0.46913040178186854,-0.5716080955669627,-0.5577338201681067
-0.0328634466941822,-1.0383348159832964,0.5967790032075186,-0.16437742343629158,0.5521514490301138,0.9643404075539621,0.8314338111662486,-0.46707223233007317,0.8366498603787895,0.7594461727717672,0.20018980401196293,-0.05157949123802913,0.31053220463216236,0.3579894788710416,-0.04692553441416589
2.6018568366994668,-0.5758334399731542,-0.5575727378165547,0.26839056314422693,0.7519285003319939,-0.20417588282890786,-0.26703831832081715,0.6363920267630188,0.08821623486934056,0.20138428675016296,-0.10549918529305474,-0.3248618504551351,-0.0739748758879723,0.8005166305981716,0.023552728404306826
0.45253643708161445,0.11244937325034793,-0.045050598088183,-0.3104656117566633,-0.5682327987469409,-1.682552892256823,0.8590877357197072,0.8692589399850417,0.772531238969286,-0.12554246384936635,0.2083815526007996,0.20489668194797983,0.04816169869401138,-0.13682158635827524,-0.02654194281655016
-1.675173952233998,0.5373144668950173,-1.164028497911703,0.11513169798918466,1.2362126350880422,-0.5184760026794585,-0.7248037500990148,0.3022818378073396,0.09364789400468722,0.18552045325064515,-0.5838685489022539,-0.31149542276434466,-0.7568060281221022,-0.4914359567699349,0.5056655320444906
1.009002378823095,1.4192580091252476,0.15444708757274941,0.07915392777752196,-0.45858622374946106,0.6859395249829436,0.6982188603595736,0.5272425497826796,-0.10687707514677884,0.7930613571240546,0.1984323851567656,0.23735137487946312,-0.09657846582386548,-0.6895609657201828,-0.3523505588562866
2.049118417057727,0.1544088264774832,-0.8265085096459217,-0.9788599714151051,-0.05201051949324566,-0.7151677744134461,0.7902547131239414,0.6337392159435098,-0.0986355757051141,-0.8582806048226067,0.5578804001620414,0.14798180149809126,0.9653419613774653,0.1643029935441861,0.40709652638497335
1.6716753607081107,0.6636934548196545,-1.231358774550197,0.07785676413073835,0.7488903531763623,0.06864359802611002,0.8158789650057379,0.10527645266667207,-0.03345732917468107,-0.13025172380598649,0.27888390801744195,-0.272062971085867,0.8410070067903285,-0.0746290982049016,0.13076999141025875
3.2642243443255596,-1.0886640359626039,-0.7099345900074523,-0.21900519402561527,0.9721665174547793,-0.20105087549569683,-0.15544672714629393,0.31187289730535506,0.1668374246118754,-0.5137181565104814,0.06222534601365899,-0.3921575477083829,0.5974510731682791,-0.15264240320924694,0.11525475791678491
-2.1974513504749553,-1.4006402961001465,-1.157027147393051,-0.579919985107621,-0.5913280021956843,-0.6156536882213626,-0.9789827687541224,-0.22702701601929481,-0.33770584092535766,0.011519549703751575,-0.15497316199384964,-0.1926508980657204,-0.2855308593013474,-0.09313600903274655,0.9481734478918303
-0.3844708923069107,-0.08491392787249458,-1.2118882575063694,-0.4313589491214145,1.17847306009571,0.5830720699680878,-0.4911965436443687,1.7579826791279065,1.0192865803165612,-0.40127017469618786,0.26278214074256484,0.3153283737645213,-0.4605629355569989,-0.25271908524863806,0.5425650849004352
3.1274927863773456,-0.4689127912743041,0.5858540770096345,-0.9769047390086677,0.7427692107254761,-0.48858318192014666,-0.2870071468970261,0.6680958290823025,0.09164528150466962,-0.09698539026281483,-0.4394149080444339,-0.2733306816207128,-0.1958220905092593,0.7390608294671644,0.009561505174931526
1.4842139010095923,-1.2008930267381415,-0.5315689471424028,0.47930397364446575,-0.1872317764005016,-0.2731281504654103,-0.303052585807393,0.17068449170009825,-0.7026629531011874,0.5862922875547141,0.003378338635812106,-0.1885907502591193,-0.2978261389380151,-0.6152005370969548,-0.211207042839284
0.41607951512637803,2.290171840321564,0.10962084893277133,1.2438818100592586,0.41989084529658577,0.34913840942860064,-0.8015047590309802,0.31073704397334506,0.1635294530296511,-0.7903969639322488,-0.6323612252412572,0.48849463759862566,0.47070677365482794,-0.2031043258254952,-0.26538495303049414
-0.5937545263645236,-1.711012792006703,-1.5654101015186153,1.0004704349064235,-0.9337481508759984,-0.6923015210293548,1.0634934218890006,0.1722029816572846,-0.10033277539141293,-0.42488700814772007,-0.2220096638465182,0.6588226156062235,-0.339553612908444,-0.13847509791846568,-0.14412823142479392
-0.3815416317532868,-0.6361100687784653,-1.3669143904580083,1.4907752635080602,-0.7215712211198444,0.6651228526863473,0.876980369825057,1.0388724290934148,-0.6797812731687789,-0.2622547121969476,0.056205540870997286,0.6218601276069972,0.13931256479278759,-0.09141847728040975,-0.27329506982821794
1.2007688843355222,0.28974585193667424,0.579555119788329,0.6543209284309209,0.6831250615896027,-0.7219847242313238,1.046520222715718,-0.12979337253090584,1.128795622647125,-0.1969882959708284,0.05078834871548894,0.13553337083255024,0.49343921681926817,-0.19767007027272232,0.11748794796609213
-2.9458699797119623,1.385860740259157,1.081674008487406,-1.2305675514512338,0.5263806703986034,-2.2522415083592335,-0.4488559767476191,0.38411332528913306,-0.5480765319681631,0.022216720846027327,-0.025405819599464363,0.505602287497964,-0.14739138562107307,-0.0892191360759611,-0.13967543986421543
0.6881172394139288,-1.6388096550832871,0.10417521228230933,1.2256679614790624,0.27504737172704996,-0.08968584435776959,1.1186723277280906,-0.6081760702588599,-1.1137858848198543,-0.3661172209317836,-0.402106070782887,-0.10052311233430997,0.3379681686593822,-0.31296464005189084,0.6532193033714104
-1.062252062484318,0.849600472796882,-1.9700617544039978,1.737359160839461,0.02722324414886028,0.08849400924981075,0.556292780083439,0.9209690603954211,-0.5951790304897158,-0.3775333798759054,-0.0402166341087038,0.4934917689704704,0.3423263797385888,1.362394780156778,0.04575881380413071
0.9713214958219714,1.0272861567064508,1.2648377476987287,1.4020915121277109,0.14590889667812196,-0.5718559079195731,-0.5611045802608391,0.1988276468594764,-0.028350906201544054,-1.0461424040904292,-1.0453684745472633,0.27316713396953674,0.46282830016877996,-0.17674535005877656,-0.13298136884410794
-2.1391887019492613,-0.9129587869802834,-0.8172616952255272,-1.2057716941245353,0.4680987881107795,-0.2765947043287736,0.6708794122248956,0.33304819894624277,-0.7036563426132993,-0.16237709429386465,0.006951712262053433,0.4541387760343464,-0.7016750467738774,-0.31256715520212486,0.8577475409216289
-2.003393609140759,-0.5609649035059125,-0.6308023453088615,-0.42043919064945645,-0.9405886691332485,-0.48458289719946696,0.32546943277581364,-0.3780189074973395,-0.9301442838521644,-0.06974681369551228,1.2224767498908167,-0.9749751919730909,0.0026084407251626696,0.3764761050250288,-0.47135789285146895
0.5426469178277122,-0.64635175241385,-0.2960536125213998,-0.6622810148397151,-0.765742899059715,0.1255095179392683,0.5288470745303544,-0.26344021419583447,-0.5442548783167431,0.7790138420309025,-0.2247311288413127,-0.8403999673267639,0.5072989993226135,-0.17914548033484523,-0.13959234557893008
1.2193163027546468,0.7505317641619691,-0.2561278003853418,-0.10241017446153663,0.41865700804054196,-1.0957922314701694,-0.514667094144684,-0.12829843432182148,0.8855215681634143,0.3014085645123805,-0.19913538370600908,0.18064040504159895,-0.5724958772803187,0.6236252237413864,0.010850884853527296
2.0241331785118923,0.3054403026858699,-0.6626423864049784,-0.8159719120345327,-0.3240178770260989,-0.26327678032795787,-0.6146392483812815,-0.435898328283384,-0.6824087944991695,0.44317195508343143,-0.054380506691565744,0.26163511838809095,-0.6168300837105868,0.4283303008685484,0.12528970836267705
2.216867966344795,-0.8217690691996804,-0.6158260996889078,-0.1941093881908237,-0.1394952604556393,-0.29894452772572966,-0.382279676384669,-0.3403036116565607,-0.7161942038912805,0.43085161611357625,-0.05213072801200985,0.104164713934708,-0.5288112917803705,0.5074319854621491,0.16517674967092388
2.011970115358771,0.8989640123774076,-0.6685572453976181,-0.8750632020425454,0.14053496591605746,-1.0411663763833146,-0.6900590406585807,0.03625131243544592,-0.3461136183955761,0.1469881993944847,-0.3570539626088541,-0.24799075213207383,-0.2797781611355998,0.7010424629197662,0.09211658468584683
1.4273607389066398,0.7213068888986278,-0.37885096268951035,-0.08941220645046624,0.1143317725600184,-0.7586019691945876,-0.5940235289974182,0.7170817988059384,-0.11626207712330931,0.3180982853493931,-0.2437787879471976,-0.4577880731328468,-0.02792412188330068,-0.4480239526701163,-0.328492735811359
-1.0026263766815953,-0.30657317728467504,0.44978634957832353,0.1575834648898309,1.2977219632472816,0.5930285211598689,-0.4559787561615868,-0.20989684804941594,0.04260481259829178,0.17506490277766285,-0.2743652055799956,0.5757727770881544,-1.017420553939286,-0.21897729428946477,0.768972341354624
0.04883327362959783,-0.8327236753262783,-0.8662621135282267,2.551378741222877,0.6562650152460271,-1.2217272127839254,-0.37928672107101513,-0.59709488305569,-0.9394192404752904,-0.6091123339705163,0.7896694099218253,-1.2115846692182557,0.17764857585083288,0.10116323989760162,0.010241337512176249
-2.0141000073311623,-1.1818516629196743,-1.7023312330089935,1.8013796764580334,0.3457813256360437,-1.1066289363443158,-0.5127350136753226,-0.8740314659465486,-0.7743034949660799,1.1302532903697993,0.2596400083884311,0.05173707524717941,-0.5809006026284349,-0.5142194734086919,-0.15152708355186711
0.8235652327640897,-0.8632824005776469,-1.370427116345166,0.523144608067175,-0.5364405670536898,1.5080533751784921,-0.6532466299308987,0.26007866810283464,0.04611238053347648,0.12178757384044736,-0.6681110463584845,-0.4143609250711586,0.2400752417566706,-0.17838184559068493,-0.5673780233500143
-0.648662144369704,-1.2170154733023915,-1.682753268803924,-0.6677341830429285,-0.6831288094934802,-0.6983139305874684,0.8699723458388684,0.011821134542777514,-0.345252454001723,-0.5877045229773973,-0.3534001832730322,0.6963238690711441,-0.4915664035963986,-0.1586903209813102,-0.18119241012388504
0.6989057761213573,-0.6422362293757882,0.4432323603830636,-0.05458165731710056,-0.33646007477763357,1.1758622427573935,-0.7159745834460168,0.5356650039892038,0.03547180456446865,0.28327633522370443,-0.6498208311165707,-0.7049762672362239,-0.046493488927241616,-0.4597221069391991,0.5676367367319476
0.4954038054263314,0.21071872500902683,-0.11689084120955019,1.5870874727159936,-0.21296001879523485,0.3350691755625194,0.8938610210689305,-0.34620667666071664,-0.7021174091357298,0.23097601435962611,0.8901209218798445,-0.4885115142547326,-0.7043452857219831,0.7386957382387537,-0.13460274864976152
-0.7536159098733273,-2.0080732312580345,-0.6942779792204385,0.3348193391675346,0.02734796591697318,-0.1809595676298778,-0.42091264646013904,0.36665353894695957,0.2297745915116785,0.4290672040365364,0.7985345016061378,0.38493021306462394,-0.2292242349093096,-0.1830740583085274,-0.10006484114373394
-2.065936871996032,-1.041792230042266,0.3608295634031983,0.7007998006940153,-0.25622952543897326,-0.3366769011753098,-0.8081497186927509,-0.7577964755577629,-0.11090851309068946,0.17629833880706014,-1.1393918906544187,-0.11649420901220503,-0.18311935037369537,-0.16966483798851106,-0.4617718728963062
-1.808493761876117,-0.6604534835637335,-1.4086032193029225,0.9870305917970639,-1.3449094566489355,-0.2255450017588202,-0.912533477658137,-0.1465232573369578,0.2932692444684431,-0.10560944793091709,-0.21426765940289422,0.39138697849508497,0.05879808951631038,0.04587369942155339,-0.24196710354648981
1.0901667182290964,0.9690826700965087,-0.9305818025818382,-0.44153388179338593,0.7231418822912029,-0.4094631567062291,0.6523174279266326,-0.1699426732760954,-0.42334690587039175,-0.1775533776829138,0.09315596770545893,-0.27084364059486427,0.7649923859435529,-0.07343785086706178,0.16908132815148003
1.3465269289598867,-0.059929939340008,-0.5268142278820894,-1.8316845098838441,0.35315814177375426,0.09776341238125068,-0.440216696048336,-0.05821503431920484,0.565226306943148,0.4345419699566919,0.05014297287316212,0.4018237917245102,-0.8693302365593335,-0.8024594450745267,-0.4180690115506531
2.1923272125175757,-0.4640246439374204,0.04723083936835891,-0.05888962654424901,0.8026411595564609,-0.9324842803827698,-0.2014371138700577,-0.20551581649242617,1.1384894534820258,-0.43847206917955467,-0.02185160481710119,0.07768962937793877,0.18104584354868053,-0.29792393232075876,0.09215419239669514
0.2758905055607856,-0.13865844583850356,-1.5471196586992053,1.5607602189389957,0.873855132205158,0.5239665216245708,-0.44027585286820814,1.2290208025265095,-0.12021318610508898,0.21615597755283777,-0.32756562457459243,-0.6981949975457187,-0.20021838899415528,-0.42009213284384084,0.5122020521936178
-1.524530734534473,0.3303398604931298,-0.19073635685637957,2.4679129467444727,1.508498089993006,-0.621519230011604,0.1529539774535918,-0.333704127175068,0.38700248477460353,0.33409583906345763,0.41635221197008715,0.22101997496531434,0.5794679065794567,-0.0653550215695482,0.04881376983968865
-0.32512011407296787,1.6482516626967225,0.4414172643422871,1.7285045003292627,-0.3718236676128855,0.1649941729416749,0.5530105665867793,-0.1957936976199614,-0.6524152820592413,1.048231201507609,0.2372863196497813,0.5225276471008541,-0.13174414717353816,0.5483310183848316,0.10876535552391448
0.45895981614922204,0.020382775148403844,-0.5577479755794669,0.39601483572876395,-0.4789394737486722,0.4338060890458551,-0.9412927619898098,-0.592982718556573,-0.3984358305723948,0.9292315568055967,0.06121063490295783,-0.29706046935794483,0.1995116745711374,0.8605395274485951,0.12626992584382454
1.183004185471538,-0.4559814683299566,-0.7883499985546288,0.030161671143165758,0.6498735089606491,-0.8931058097659608,-0.31917532894581546,-0.5109149803034218,0.6482004757506397,-1.172262319333896,-0.9500764904975216,0.2198577963264381,-0.017297282529986358,-0.14603514510228177,-0.10081539349572889
0.3244085708231687,2.0671528488274458,-0.8194533555948197,0.23119057133063417,-0.053726953802654534,-0.07636085943930492,0.5158579191554602,0.1165168484177589,-0.3716138289229262,-0.6041113588564011,-0.022829062172157133,-1.0683316813875776,-0.9448404758146925,0.7758182148717346,0.7052961527192406
0.6419249481240545,1.3681348250131815,0.9344417613573575,0.6472708071786994,0.845940245207224,-0.16761816749941116,-0.6349478053576318,0.6157218886111692,-0.026101645298937257,0.33315236425409245,4.6783642341619025e-05,0.084258919678105,0.11827909155968558,0.12369569548361534,-0.14612177876897747
2.2775760313061104,-0.33614453624577234,0.04148791856634389,-0.01732614392805379,0.060889743693263096,0.01516002393837472,-0.39436110837612204,-0.43353037021163715,-0.3898030858404038,-0.1224753071541036,0.21585037130692353,0.3094372171910078,0.20197872169057524,-0.5055957850461407,0.17217293971450642
-2.3095415707466076,-1.640443982383141,0.9104637849478034,0.3892934475744554,0.736905300178706,0.09972960403964475,0.9744871553582927,0.7510042815658843,-0.39965275609711615,-0.44586867964361065,-0.3189208357436863,0.9982009617424081,-0.2616293046088227,-0.036747414227312813,-0.36864508866213375
-0.9135872263361728,-0.575339395831912,-0.33768242450342134,-1.735020513692219,-0.7026251142336934,-1.3815895592782257,-0.8600520634977658,-0.3384304899249786,-0.29163447907645035,0.15767018377616637,0.2979217536335604,0.4280904746174813,-0.5384888208116785,-0.31760146904741215,-0.004878362861452573
0.038129009202689634,-1.0854312347515682,0.473615381156783,-0.003261034678415313,-0.5190797687018036,-0.07225990364960508,-0.41932932182957083,0.41324483927915034,0.7047654842187282,-0.4175175913872217,1.2892947969015691,-0.17006289062713772,-0.7604513758341968,-0.19386435997307772,-0.4361863257817579
-0.9650162553189103,-0.9161729229070912,0.12547785221347585,0.5927712258742585,0.7907281936562828,0.6477017797749538,-0.459930843174441,-1.1810727419719145,0.10159559732894918,-1.2040152626019978,0.1292509540866681,-0.12674051761117,-0.6927489488800762,-0.08800746079346933,-0.459495860783862
1.7259165480514458,0.1370608740702599,1.657844541276951,-0.5794082968825042,-1.3170452508202761,-0.12759325082385609,-0.7977867355262633,0.08877114785797448,0.17935943023255113,0.525308542055007,-0.46777745527653564,-0.4580543362869113,0.219086966824794,-0.4853511580004878,-0.2501598027319311
1.9525184005257215,-0.9190316203912275,0.6538573117118505,0.6356843376524669,-0.1077632793919603,-0.6276109767867859,-0.31941423886063014,-0.5921268058156212,-0.6606341806468967,-0.13568447087129998,0.02862415939007841,0.1999115070681961,0.23934559123838123,-0.46574858520292695,0.26714416150100606
-1.436822498802127,-0.5995892243137138,0.5611976379929046,0.38936677851494517,-0.823923656062271,0.7605020011709209,0.42947949818932407,0.8023675351692907,-0.5964963783443155,-0.263027347872394,-0.418419733030959,0.14483177749068005,0.7242726258276696,0.2521515130629475,-0.2856702208730684
-1.6018343321832844,0.622392774870006,1.3800366201036038,0.6446750270705892,0.11367503727800442,0.3051900639081619,0.4628814948117759,0.107356931893994,-0.9226528581338355,1.0471172620720142,-0.0013596052054692942,-0.11240531577092558,0.13780154885358598,-0.38429921309535575,-0.3015224216617075
-1.580336880774977,-0.49856606316221397,-0.31620096164430195,-1.446407246813757,-1.0056771887352711,-0.7745933312600113,-1.0889536638059836,-0.18451965134407006,-0.06322662576692091,-0.17360231285663713,-0.35927170020046867,-0.029509216691689433,-0.4049769470242997,-0.22818127075026473,0.9175816802712389
-0.8345727646294416,-1.3967729235593134,-0.607815881782119,2.114286041438285,1.8037700208093697,-0.16336323885676707,-0.15790603878636633,0.763973431577581,0.5835791820612239,0.7706727007925713,0.2598792109752168,-0.24622764742787923,-0.05467894987664329,-0.22928914534155498,-0.4344972554446694
0.6455704512280971,0.05632069783564619,0.6098627655310654,0.987219026114831,0.3596205610701315,0.8786602892962156,-0.43470005180898486,0.3487755792099006,-0.39882697764667624,0.12347444535705177,-0.2942513451562554,0.2749142066362883,-0.5989686304157478,-0.24344537625237517,0.8335335616568873
-0.9260472562719722,1.1665944168016527,1.7341599948866742,0.8535082338756941,-0.660652881788698,0.12517378881533114,0.44793637059780955,-0.7630282369746415,0.9268429288227467,0.9516466632082992,0.0461968048887382,0.2716158020450099,0.2669475988008015,0.16845196057902043,0.00548053903568238
-0.4194715111483464,1.799662198859206,-0.46107814636170985,1.1038521290906023,0.368880692792995,-0.2473567493582562,0.6798548798704437,-0.36292631668868197,0.8757750680662248,-0.6959882284921604,-0.6401097883675533,0.5494177331987934,0.308036068502323,-0.12569828613548928,-0.1623675618125493
1.5727950889817244,-0.2206754245725674,0.45202893197231425,0.005976356598521915,0.3921182788091545,-1.8287406399250532,-0.34675110212714644,-0.6184794588502451,0.7043467084944066,-0.4528453230259401,-0.27299057533814125,0.029218017523620854,0.12201971196888545,-0.30839491643095884,0.20000612058891676
0.6432101284149194,1.1962758242711795,0.8469842875007827,0.9407724794388098,-0.7049907001727531,0.3832067836329197,0.7141719887530892,-0.04389621260938177,-0.4594020644501809,-0.0826171785340013,-0.9317788658699964,0.6992966178529855,-0.39131501253100526,0.5931449034961893,-0.1350102114014063
-0.09187084788930311,-0.5490423727318368,-0.23438237889378993,1.235559734596528,0.7454817241912239,-1.1585034488209187,-0.3208459792274512,0.35153787657330365,0.5866936042667446,0.5392432613081888,-0.11413240301534217,-0.24889110729829284,-0.24832180794528133,-0.38340884624978033,-0.3261644283543353
-1.7085312427378843,-0.6084704624345749,-1.4637093306020967,-1.8685795907922773,0.1287502685027515,0.9407318153065818,-1.0161284154221581,0.19926818826873888,0.18651996895957718,-0.37010982316412905,-0.1816729304083749,0.5151053137854658,-0.0772673329203761,0.0992059304695583,-0.46386052256562244
2.1116172873161796,0.48779953117384084,0.27207976731662775,-0.18295697436108785,-0.015321577166263159,0.18331447327718414,-0.5291236714756095,-0.37448683387512066,-0.25369015474021145,-0.0837579161786659,0.2493117865681005,0.47140196985984706,0.17556026514146733,-0.5655116410244786,0.11911531381717244
-1.4231876644477501,-1.2819848586001428,-0.10704021426774303,0.05124026680621713,0.07960859017678816,-0.46621912678741045,-0.040564696624293295,0.8334844153927055,0.6733029373305214,-0.6458604018975229,-0.6881941923189201,-0.1875307968404552,0.5603325164464258,0.45489637980521824,-0.3790295985992345
2.918746177523862,-0.9550658348029887,0.6609000389622246,-0.30183508341556853,-0.2521464433135429,-0.3424055969363613,-0.25238076940668597,-0.06967096288212356,-0.39305752576537606,0.24963245243932797,-0.24069102672236659,0.18051431012019498,-0.5340382618916316,0.4467980222363608,0.13979069538473116
0.18947214091831438,0.2638465210978707,0.8366495505703732,1.2860166610957466,-1.0730570688085317,0.927207341771245,-0.8049982108123899,0.3191317245304195,0.1587316411089838,0.1409279577570265,-0.9455592433615478,-0.1258686598170588,0.24827737012898043,-0.2980651477784133,-0.5666826470223455
-1.9377846166034278,-0.47040644553258837,-0.610079038595242,-1.917739175680529,1.62868582711358,1.1597926832894994,-0.1604822513620744,-0.14869640709051868,-1.1186085876903265,0.42479052398825823,-0.2713289269924417,-0.24959258465137846,-0.5226083968694817,-0.3046492172491031,-0.44078277243805103
-2.257748777868038,0.5333030913369052,1.9394361667676017,-0.1644498386099755,0.1628451220998744,-0.654578519972338,0.5651327159095432,0.9832726930316285,0.5101814328008527,-1.0276790457815466,0.2106715607001474,-0.7083650305286671,-0.7330586127116261,0.029828072548852003,0.44672261087679815
0.042097303088809795,-0.6273095392798429,-0.22869861972423822,0.7448394065841057,-0.2887413542639085,0.5188861589229291,-0.6755046216889382,-0.7160684592101267,0.8243086787651657,0.47449162717662163,-0.4235473977702799,0.03217014957211689,-0.358262133109338,0.7420887832942022,0.3540211444512367
0.9689511756184888,0.1909221593619544,0.2813015028222664,0.49524829752117094,-0.7292185048368249,0.7715993445010647,0.5344446841725694,-0.2721154507843544,0.018190123423044505,0.9064202350203627,0.01867186621449099,-0.30187751412927755,0.47039862838652147,0.9109402584265945,0.13978621390572107
1.4300485046814706,0.11209126256638358,-0.26808431246781816,0.39107537213253285,0.2954938495041892,0.46928779588067804,-0.40471783727560173,-0.10274091367338752,0.08489669222851616,0.6967653514661527,0.4147881828083589,0.5147302210496872,-0.6007615777282036,0.542776184828719,-0.28987501507075675
-0.8630421641751858,0.5424377213104559,1.015235501870496,1.134292444781095,-0.10197105064868227,0.49164334546065763,0.5107735989985497,-0.9717414858759652,0.8933648593399584,0.5592672607806426,0.3376712326684561,0.23539263220925188,0.8584141398190238,-0.10783791681535504,0.13679910305572682
0.7079297241717062,1.8022836483825555,-0.6944434928533647,-0.8675322822184777,0.8820355128977138,-0.2312315929932563,-0.9110990102845378,0.24142108477772772,-0.4219715177877459,0.3867045019698895,-0.08237724826229537,0.005464808257309217,-0.22422245389862872,0.7358651909235178,-0.05726325425461544
-0.16480750655153534,-2.516935973641646,0.9499605135670081,-0.7984843916560347,0.42829726344627156,-0.20890336155039774,-0.3717403828446041,0.7258347585805995,-0.5770935126320638,0.0949014757662463,0.5302348110911507,0.14512634978379113,-0.07823204333657832,-0.011883801850638809,-0.382834566615737
-2.1885068830654895,-1.0469322370579452,1.4063109336666255,-0.25906173908880015,0.4242597361810033,1.3107806457297622,0.4244105114847736,1.2754384620312509,-0.7923045391770082,0.04636658928832471,-0.07544328474873915,-0.19839416381867786,0.5306730357704524,0.11832745487523202,0.7560191503119466
-0.19966879890845868,-0.5739544979531154,-0.7237084656381764,1.4695738545551038,0.16528790279834082,-0.9906639447722183,-0.3554835057233059,1.1860066336338213,0.8898316891310674,0.17714261928151243,0.6677297084898057,0.3201569096123611,0.03349550389040229,-0.12546338822244774,-0.15154669075756388
2.9389155582742417,-1.102605871523531,0.8910598380750694,0.32216524155447657,0.000289952221425846,0.1645591502650851,-0.14462964998348704,0.2552690859296543,-0.11708395538523535,0.33733880078291667,-0.08034075522743073,0.25821838850592016,-0.4358650863846178,0.4618433019582815,0.07339146465759883
-2.300839240580659,-0.6379089941755135,1.1857667074610525,1.8907706176221972,-0.8434585814730301,-1.094862957259129,0.7778275354952477,-0.8700590511004308,-0.3417711266079577,-0.10600713952146318,-0.19950582424047136,-1.0755148964152936,-1.248432492111876,-0.466943347674426,0.5496413142506927
-0.9490719198798645,-0.2572054045276017,-0.3585654422410309,0.5860994622250197,-0.74895487472983,-1.4037880106169514,-0.889929028785399,0.47761142244793164,0.8886574478762851,0.26147731352166215,0.26432879677534526,-0.3206777845967076,0.5581358737327592,0.18182734449227497,-0.03895520920487608
0.23491618628935557,-1.2980734744156446,-0.8074303788904256,-0.8561170966666338,0.026092364172735347,-0.22312323752965335,-0.6649243519689054,-1.237860585747267,0.2762270819105625,0.6063191194822852,0.008812285395180058,-0.2419291353932782,-0.09440166077921835,0.2527856126021817,0.08040758616307983
-2.2783316098527018,-0.7148406103008949,1.358650445332185,0.5708177722166184,0.8877186818074778,1.2707965175015765,-0.7126281818493798,0.0329678355689131,0.4225857864859563,-0.08228155761884787,0.15239446833128178,-0.9530332263533041,-0.90049747742993,-0.28740929196776055,0.15005157911026426
-1.2671619012426008,-2.478148033197781,0.4012258046019043,1.4383375728363337,-0.7428362660048793,-0.17610536913555674,-0.4801133422053764,0.3444950925939303,0.4102828667553478,-0.32908372501083044,-0.4405221269307153,0.2911937360288228,0.18249215698677534,0.13556759601951032,-0.2553636581229115
0.8916276722123524,0.8133828667000564,-0.2687413558475624,0.5887798073082482,0.380543636364107,0.06159405954566481,0.9643060699230627,0.30203472629089284,1.1967831726446019,-0.3572455836506945,-0.9241901698590571,0.4142164637752017,-0.396764722975797,0.8405548862681282,-0.268447507586303
2.403088090291074,-0.6321467219360546,1.3371500368584295,0.2753631470395508,-0.29850581776338464,-0.22352785065552222,-0.2922204442090096,-0.31246759324268264,-0.3282991973949182,-0.7339090813830189,-0.6015729503673368,0.3175210592741313,-0.023159459651467484,-0.5897809170470378,0.49991583181789767
